Cycle,Year,DailyGDP,CyclyGDP,Population,GDPperCapita,Unemployment,Inflation
1,0.00273973,280,0.767123,100,2.8,0.1,0
2,0.00547945,360,0.986301,100,3.6,0.1,0
3,0.00821918,315,0.863014,100,3.15,0.1,0
4,0.0109589,320,0.876712,100,3.2,0.1,0
5,0.0136986,270,0.739726,96,2.8125,0.1,0
6,0.0164384,300,0.821918,94,3.19149,0.0625,0
7,0.0191781,290,0.794521,91,3.18681,0.0425532,0
8,0.0219178,285,0.780822,91,3.13187,0.010989,0
9,0.0246575,325,0.890411,91,3.57143,0.010989,0
10,0.0273973,275,0.753425,90,3.05556,0.010989,0
11,0.030137,325,0.890411,90,3.61111,0,0
12,0.0328767,285,0.780822,90,3.16667,0,0
13,0.0356164,295,0.808219,90,3.27778,0,0
14,0.0383562,280,0.767123,90,3.11111,0,0
15,0.0410959,310,0.849315,90,3.44444,0,0
16,0.0438356,315,0.863014,90,3.5,0,0
17,0.0465753,280,0.767123,90,3.11111,0,0
18,0.0493151,300,0.821918,90,3.33333,0,0
19,0.0520548,305,0.835616,90,3.38889,0,0
20,0.0547945,270,0.739726,90,3,0,0
21,0.0575342,330,0.90411,91,3.62637,0.010989,0
22,0.060274,315,0.863014,91,3.46154,0.010989,0
23,0.0630137,310,0.849315,91,3.40659,0.010989,0
24,0.0657534,290,0.794521,91,3.18681,0.010989,0
25,0.0684932,355,0.972603,91,3.9011,0.010989,0
26,0.0712329,280,0.767123,91,3.07692,0.010989,0
27,0.0739726,300,0.821918,91,3.2967,0.010989,0
28,0.0767123,325,0.890411,91,3.57143,0.010989,0
29,0.0794521,285,0.780822,91,3.13187,0.010989,0
30,0.0821918,305,0.835616,91,3.35165,0.010989,0
31,0.0849315,300,0.821918,91,3.2967,0.010989,0
32,0.0876712,310,0.849315,91,3.40659,0.010989,0
33,0.090411,275,0.753425,91,3.02198,0.010989,0
34,0.0931507,350,0.958904,91,3.84615,0.010989,0
35,0.0958904,310,0.849315,91,3.40659,0.010989,0
36,0.0986301,305,0.835616,91,3.35165,0.010989,0
37,0.10137,305,0.835616,91,3.35165,0.010989,0
38,0.10411,290,0.794521,91,3.18681,0.010989,0
39,0.106849,325,0.890411,91,3.57143,0.010989,0
40,0.109589,315,0.863014,91,3.46154,0.010989,0
41,0.112329,295,0.808219,91,3.24176,0.010989,0
42,0.115068,280,0.767123,91,3.07692,0.010989,0
43,0.117808,325,0.890411,91,3.57143,0.010989,0
44,0.120548,325,0.890411,91,3.57143,0.010989,0
45,0.123288,300,0.821918,91,3.2967,0.010989,0
46,0.126027,315,0.863014,92,3.42391,0.0217391,0
47,0.128767,315,0.863014,92,3.42391,0.0217391,0
48,0.131507,310,0.849315,92,3.36957,0.0217391,0
49,0.134247,290,0.794521,92,3.15217,0.0217391,0
50,0.136986,330,0.90411,92,3.58696,0.0217391,0
51,0.139726,280,0.767123,92,3.04348,0.0217391,0
52,0.142466,325,0.890411,92,3.53261,0.0217391,0
53,0.145205,325,0.890411,92,3.53261,0.0217391,0
54,0.147945,285,0.780822,92,3.09783,0.0217391,0
55,0.150685,320,0.876712,92,3.47826,0.0217391,0
56,0.153425,270,0.739726,92,2.93478,0.0217391,0
57,0.156164,360,0.986301,92,3.91304,0.0217391,0
58,0.158904,255,0.69863,92,2.77174,0.0217391,0
59,0.161644,345,0.945205,92,3.75,0.0217391,0
60,0.164384,280,0.767123,92,3.04348,0.0217391,0
61,0.167123,315,0.863014,92,3.42391,0.0217391,0
62,0.169863,280,0.767123,92,3.04348,0.0217391,0
63,0.172603,335,0.917808,92,3.6413,0.0217391,0
64,0.175342,310,0.849315,92,3.36957,0.0217391,0
65,0.178082,310,0.849315,92,3.36957,0.0217391,0
66,0.180822,300,0.821918,92,3.26087,0.0217391,0
67,0.183562,330,0.90411,92,3.58696,0.0217391,0
68,0.186301,265,0.726027,92,2.88043,0.0217391,0
69,0.189041,310,0.849315,92,3.36957,0.0217391,0
70,0.191781,310,0.849315,92,3.36957,0.0217391,0
71,0.194521,305,0.835616,92,3.31522,0.0217391,0
72,0.19726,280,0.767123,92,3.04348,0.0217391,0
73,0.2,310,0.849315,92,3.36957,0.0217391,0
74,0.20274,350,0.958904,92,3.80435,0.0217391,0
75,0.205479,290,0.794521,92,3.15217,0.0217391,0
76,0.208219,295,0.808219,92,3.20652,0.0217391,0
77,0.210959,310,0.849315,92,3.36957,0.0217391,0
78,0.213699,305,0.835616,92,3.31522,0.0217391,0
79,0.216438,305,0.835616,92,3.31522,0.0217391,0
80,0.219178,330,0.90411,92,3.58696,0.0217391,0
81,0.221918,300,0.821918,92,3.26087,0.0217391,0
82,0.224658,320,0.876712,92,3.47826,0.0217391,0
83,0.227397,255,0.69863,92,2.77174,0.0217391,0
84,0.230137,295,0.808219,92,3.20652,0.0217391,0
85,0.232877,315,0.863014,92,3.42391,0.0217391,0
86,0.235616,285,0.780822,92,3.09783,0.0217391,0
87,0.238356,340,0.931507,92,3.69565,0.0217391,0
88,0.241096,280,0.767123,92,3.04348,0.0217391,0
89,0.243836,310,0.849315,92,3.36957,0.0217391,0
90,0.246575,300,0.821918,92,3.26087,0.0217391,0
91,0.249315,285,0.780822,92,3.09783,0.0217391,0
92,0.252055,315,0.863014,92,3.42391,0.0217391,0
93,0.254795,275,0.753425,92,2.98913,0.0217391,0
94,0.257534,330,0.90411,92,3.58696,0.0217391,0
95,0.260274,315,0.863014,92,3.42391,0.0217391,0
96,0.263014,310,0.849315,92,3.36957,0.0217391,0
97,0.265753,325,0.890411,92,3.53261,0.0217391,0
98,0.268493,305,0.835616,92,3.31522,0.0217391,0
99,0.271233,310,0.849315,92,3.36957,0.0217391,0
100,0.273973,325,0.890411,92,3.53261,0.0217391,0
101,0.276712,305,0.835616,92,3.31522,0.0217391,0
102,0.279452,295,0.808219,92,3.20652,0.0217391,0
103,0.282192,300,0.821918,92,3.26087,0.0217391,0
104,0.284932,300,0.821918,92,3.26087,0.0217391,0
105,0.287671,290,0.794521,92,3.15217,0.0217391,0
106,0.290411,305,0.835616,92,3.31522,0.0217391,0
107,0.293151,300,0.821918,92,3.26087,0.0217391,0
108,0.29589,295,0.808219,92,3.20652,0.0217391,0
109,0.29863,300,0.821918,92,3.26087,0.0217391,0
110,0.30137,300,0.821918,92,3.26087,0.0217391,0
111,0.30411,330,0.90411,92,3.58696,0.0217391,0
112,0.306849,295,0.808219,92,3.20652,0.0217391,0
113,0.309589,345,0.945205,92,3.75,0.0217391,0
114,0.312329,295,0.808219,92,3.20652,0.0217391,0
115,0.315068,305,0.835616,92,3.31522,0.0217391,0
116,0.317808,315,0.863014,92,3.42391,0.0217391,0
117,0.320548,340,0.931507,92,3.69565,0.0217391,0
118,0.323288,270,0.739726,92,2.93478,0.0217391,0
119,0.326027,325,0.890411,92,3.53261,0.0217391,0
120,0.328767,290,0.794521,92,3.15217,0.0217391,0
121,0.331507,290,0.794521,92,3.15217,0.0217391,0
122,0.334247,310,0.849315,93,3.33333,0.0322581,0
123,0.336986,290,0.794521,93,3.11828,0.0322581,0
124,0.339726,320,0.876712,93,3.44086,0.0322581,0
125,0.342466,285,0.780822,93,3.06452,0.0322581,0
126,0.345205,310,0.849315,93,3.33333,0.0322581,0
127,0.347945,290,0.794521,93,3.11828,0.0322581,0
128,0.350685,280,0.767123,93,3.01075,0.0322581,0
129,0.353425,315,0.863014,93,3.3871,0.0322581,0
130,0.356164,330,0.90411,93,3.54839,0.0322581,0
131,0.358904,285,0.780822,93,3.06452,0.0322581,0
132,0.361644,315,0.863014,93,3.3871,0.0322581,0
133,0.364384,295,0.808219,93,3.17204,0.0322581,0
134,0.367123,300,0.821918,93,3.22581,0.0322581,0
135,0.369863,295,0.808219,93,3.17204,0.0322581,0
136,0.372603,320,0.876712,93,3.44086,0.0322581,0
137,0.375342,315,0.863014,93,3.3871,0.0322581,0
138,0.378082,325,0.890411,93,3.49462,0.0322581,0
139,0.380822,310,0.849315,93,3.33333,0.0322581,0
140,0.383562,305,0.835616,93,3.27957,0.0322581,0
141,0.386301,335,0.917808,93,3.60215,0.0322581,0
142,0.389041,250,0.684932,93,2.68817,0.0322581,0
143,0.391781,375,1.0274,93,4.03226,0.0322581,0
144,0.394521,280,0.767123,93,3.01075,0.0322581,0
145,0.39726,320,0.876712,93,3.44086,0.0322581,0
146,0.4,305,0.835616,93,3.27957,0.0322581,0
147,0.40274,325,0.890411,93,3.49462,0.0322581,0
148,0.405479,280,0.767123,93,3.01075,0.0322581,0
149,0.408219,355,0.972603,93,3.8172,0.0322581,0
150,0.410959,305,0.835616,93,3.27957,0.0322581,0
151,0.413699,305,0.835616,93,3.27957,0.0322581,0
152,0.416438,295,0.808219,93,3.17204,0.0322581,0
153,0.419178,285,0.780822,93,3.06452,0.0322581,0
154,0.421918,330,0.90411,93,3.54839,0.0322581,0
155,0.424658,295,0.808219,93,3.17204,0.0322581,0
156,0.427397,320,0.876712,93,3.44086,0.0322581,0
157,0.430137,290,0.794521,93,3.11828,0.0322581,0
158,0.432877,305,0.835616,93,3.27957,0.0322581,0
159,0.435616,280,0.767123,93,3.01075,0.0322581,0
160,0.438356,320,0.876712,93,3.44086,0.0322581,0
161,0.441096,320,0.876712,93,3.44086,0.0322581,0
162,0.443836,290,0.794521,93,3.11828,0.0322581,0
163,0.446575,300,0.821918,93,3.22581,0.0322581,0
164,0.449315,325,0.890411,93,3.49462,0.0322581,0
165,0.452055,310,0.849315,93,3.33333,0.0322581,0
166,0.454795,305,0.835616,93,3.27957,0.0322581,0
167,0.457534,325,0.890411,93,3.49462,0.0322581,0
168,0.460274,295,0.808219,93,3.17204,0.0322581,0
169,0.463014,345,0.945205,93,3.70968,0.0322581,0
170,0.465753,290,0.794521,93,3.11828,0.0322581,0
171,0.468493,345,0.945205,93,3.70968,0.0322581,0
172,0.471233,320,0.876712,93,3.44086,0.0322581,0
173,0.473973,310,0.849315,93,3.33333,0.0322581,0
174,0.476712,305,0.835616,93,3.27957,0.0322581,0
175,0.479452,345,0.945205,93,3.70968,0.0322581,0
176,0.482192,310,0.849315,93,3.33333,0.0322581,0
177,0.484932,305,0.835616,93,3.27957,0.0322581,0
178,0.487671,305,0.835616,93,3.27957,0.0322581,0
179,0.490411,320,0.876712,93,3.44086,0.0322581,0
180,0.493151,320,0.876712,93,3.44086,0.0322581,0
181,0.49589,295,0.808219,93,3.17204,0.0322581,0
182,0.49863,325,0.890411,93,3.49462,0.0322581,0
183,0.50137,275,0.753425,93,2.95699,0.0322581,0
184,0.50411,320,0.876712,93,3.44086,0.0322581,0
185,0.506849,325,0.890411,93,3.49462,0.0322581,0
186,0.509589,310,0.849315,93,3.33333,0.0322581,0
187,0.512329,300,0.821918,93,3.22581,0.0322581,0
188,0.515068,295,0.808219,93,3.17204,0.0322581,0
189,0.517808,320,0.876712,93,3.44086,0.0322581,0
190,0.520548,305,0.835616,93,3.27957,0.0322581,0
191,0.523288,335,0.917808,93,3.60215,0.0322581,0
192,0.526027,265,0.726027,93,2.84946,0.0322581,0
193,0.528767,345,0.945205,93,3.70968,0.0322581,0
194,0.531507,250,0.684932,93,2.68817,0.0322581,0
195,0.534247,340,0.931507,93,3.65591,0.0322581,0
196,0.536986,315,0.863014,93,3.3871,0.0322581,0
197,0.539726,300,0.821918,93,3.22581,0.0322581,0
198,0.542466,300,0.821918,93,3.22581,0.0322581,0
199,0.545205,290,0.794521,93,3.11828,0.0322581,0
200,0.547945,335,0.917808,93,3.60215,0.0322581,0
201,0.550685,280,0.767123,93,3.01075,0.0322581,0
202,0.553425,350,0.958904,93,3.76344,0.0322581,0
203,0.556164,320,0.876712,93,3.44086,0.0322581,0
204,0.558904,325,0.890411,93,3.49462,0.0322581,0
205,0.561644,280,0.767123,93,3.01075,0.0322581,0
206,0.564384,340,0.931507,93,3.65591,0.0322581,0
207,0.567123,320,0.876712,93,3.44086,0.0322581,0
208,0.569863,280,0.767123,93,3.01075,0.0322581,0
209,0.572603,345,0.945205,93,3.70968,0.0322581,0
210,0.575342,310,0.849315,93,3.33333,0.0322581,0
211,0.578082,325,0.890411,93,3.49462,0.0322581,0
212,0.580822,305,0.835616,93,3.27957,0.0322581,0
213,0.583562,280,0.767123,93,3.01075,0.0322581,0
214,0.586301,295,0.808219,93,3.17204,0.0322581,0
215,0.589041,315,0.863014,93,3.3871,0.0322581,0
216,0.591781,340,0.931507,93,3.65591,0.0322581,0
217,0.594521,275,0.753425,93,2.95699,0.0322581,0
218,0.59726,355,0.972603,93,3.8172,0.0322581,0
219,0.6,295,0.808219,93,3.17204,0.0322581,0
220,0.60274,300,0.821918,93,3.22581,0.0322581,0
221,0.605479,310,0.849315,93,3.33333,0.0322581,0
222,0.608219,310,0.849315,93,3.33333,0.0322581,0
223,0.610959,325,0.890411,93,3.49462,0.0322581,0
224,0.613699,265,0.726027,93,2.84946,0.0322581,0
225,0.616438,340,0.931507,94,3.61702,0.0425532,0
226,0.619178,315,0.863014,94,3.35106,0.0425532,0
227,0.621918,315,0.863014,94,3.35106,0.0425532,0
228,0.624658,315,0.863014,94,3.35106,0.0425532,0
229,0.627397,300,0.821918,94,3.19149,0.0425532,0
230,0.630137,340,0.931507,94,3.61702,0.0425532,0
231,0.632877,285,0.780822,94,3.03191,0.0425532,0
232,0.635616,340,0.931507,94,3.61702,0.0425532,0
233,0.638356,290,0.794521,94,3.08511,0.0425532,0
234,0.641096,345,0.945205,94,3.67021,0.0425532,0
235,0.643836,280,0.767123,94,2.97872,0.0425532,0
236,0.646575,325,0.890411,94,3.45745,0.0425532,0
237,0.649315,285,0.780822,94,3.03191,0.0425532,0
238,0.652055,330,0.90411,94,3.51064,0.0425532,0
239,0.654795,330,0.90411,94,3.51064,0.0425532,0
240,0.657534,345,0.945205,94,3.67021,0.0425532,0
241,0.660274,345,0.945205,94,3.67021,0.0425532,0
242,0.663014,335,0.917808,94,3.56383,0.0425532,0
243,0.665753,335,0.917808,94,3.56383,0.0425532,0
244,0.668493,290,0.794521,94,3.08511,0.0425532,0
245,0.671233,350,0.958904,94,3.7234,0.0425532,0
246,0.673973,295,0.808219,94,3.1383,0.0425532,0
247,0.676712,310,0.849315,94,3.29787,0.0425532,0
248,0.679452,325,0.890411,94,3.45745,0.0425532,0
249,0.682192,335,0.917808,94,3.56383,0.0425532,0
250,0.684932,310,0.849315,94,3.29787,0.0425532,0
251,0.687671,290,0.794521,94,3.08511,0.0425532,0
252,0.690411,330,0.90411,94,3.51064,0.0425532,0
253,0.693151,280,0.767123,94,2.97872,0.0425532,0
254,0.69589,340,0.931507,94,3.61702,0.0425532,0
255,0.69863,315,0.863014,94,3.35106,0.0425532,0
256,0.70137,325,0.890411,94,3.45745,0.0425532,0
257,0.70411,310,0.849315,94,3.29787,0.0425532,0
258,0.706849,300,0.821918,94,3.19149,0.0425532,0
259,0.709589,325,0.890411,94,3.45745,0.0425532,0
260,0.712329,300,0.821918,94,3.19149,0.0425532,0
261,0.715068,325,0.890411,94,3.45745,0.0425532,0
262,0.717808,295,0.808219,94,3.1383,0.0425532,0
263,0.720548,325,0.890411,94,3.45745,0.0425532,0
264,0.723288,300,0.821918,94,3.19149,0.0425532,0
265,0.726027,330,0.90411,94,3.51064,0.0425532,0
266,0.728767,270,0.739726,94,2.87234,0.0425532,0
267,0.731507,360,0.986301,94,3.82979,0.0425532,0
268,0.734247,300,0.821918,94,3.19149,0.0425532,0
269,0.736986,295,0.808219,94,3.1383,0.0425532,0
270,0.739726,325,0.890411,94,3.45745,0.0425532,0
271,0.742466,310,0.849315,94,3.29787,0.0425532,0
272,0.745205,325,0.890411,94,3.45745,0.0425532,0
273,0.747945,340,0.931507,94,3.61702,0.0425532,0
274,0.750685,290,0.794521,94,3.08511,0.0425532,0
275,0.753425,325,0.890411,94,3.45745,0.0425532,0
276,0.756164,310,0.849315,94,3.29787,0.0425532,0
277,0.758904,275,0.753425,94,2.92553,0.0425532,0
278,0.761644,355,0.972603,94,3.7766,0.0425532,0
279,0.764384,255,0.69863,94,2.71277,0.0425532,0
280,0.767123,340,0.931507,94,3.61702,0.0425532,0
281,0.769863,335,0.917808,94,3.56383,0.0425532,0
282,0.772603,295,0.808219,94,3.1383,0.0425532,0
283,0.775342,335,0.917808,94,3.56383,0.0425532,0
284,0.778082,285,0.780822,94,3.03191,0.0425532,0
285,0.780822,345,0.945205,94,3.67021,0.0425532,0
286,0.783562,275,0.753425,94,2.92553,0.0425532,0
287,0.786301,340,0.931507,94,3.61702,0.0425532,0
288,0.789041,300,0.821918,94,3.19149,0.0425532,0
289,0.791781,320,0.876712,94,3.40426,0.0425532,0
290,0.794521,285,0.780822,94,3.03191,0.0425532,0
291,0.79726,325,0.890411,94,3.45745,0.0425532,0
292,0.8,305,0.835616,94,3.24468,0.0425532,0
293,0.80274,330,0.90411,94,3.51064,0.0425532,0
294,0.805479,335,0.917808,94,3.56383,0.0425532,0
295,0.808219,300,0.821918,94,3.19149,0.0425532,0
296,0.810959,345,0.945205,94,3.67021,0.0425532,0
297,0.813699,320,0.876712,94,3.40426,0.0425532,0
298,0.816438,340,0.931507,94,3.61702,0.0425532,0
299,0.819178,290,0.794521,94,3.08511,0.0425532,0
300,0.821918,330,0.90411,94,3.51064,0.0425532,0
301,0.824658,330,0.90411,94,3.51064,0.0425532,0
302,0.827397,315,0.863014,94,3.35106,0.0425532,0
303,0.830137,315,0.863014,94,3.35106,0.0425532,0
304,0.832877,295,0.808219,94,3.1383,0.0425532,0
305,0.835616,335,0.917808,94,3.56383,0.0425532,0
306,0.838356,320,0.876712,94,3.40426,0.0425532,0
307,0.841096,310,0.849315,94,3.29787,0.0425532,0
308,0.843836,310,0.849315,94,3.29787,0.0425532,0
309,0.846575,295,0.808219,94,3.1383,0.0425532,0
310,0.849315,310,0.849315,94,3.29787,0.0425532,0
311,0.852055,320,0.876712,94,3.40426,0.0425532,0
312,0.854795,305,0.835616,94,3.24468,0.0425532,0
313,0.857534,330,0.90411,94,3.51064,0.0425532,0
314,0.860274,295,0.808219,94,3.1383,0.0425532,0
315,0.863014,315,0.863014,94,3.35106,0.0425532,0
316,0.865753,290,0.794521,94,3.08511,0.0425532,0
317,0.868493,305,0.835616,94,3.24468,0.0425532,0
318,0.871233,310,0.849315,94,3.29787,0.0425532,0
319,0.873973,280,0.767123,94,2.97872,0.0425532,0
320,0.876712,335,0.917808,94,3.56383,0.0425532,0
321,0.879452,305,0.835616,94,3.24468,0.0425532,0
322,0.882192,345,0.945205,94,3.67021,0.0425532,0
323,0.884932,315,0.863014,94,3.35106,0.0425532,0
324,0.887671,290,0.794521,94,3.08511,0.0425532,0
325,0.890411,345,0.945205,94,3.67021,0.0425532,0
326,0.893151,260,0.712329,94,2.76596,0.0425532,0
327,0.89589,375,1.0274,94,3.98936,0.0425532,0
328,0.89863,280,0.767123,94,2.97872,0.0425532,0
329,0.90137,305,0.835616,94,3.24468,0.0425532,0
330,0.90411,280,0.767123,94,2.97872,0.0425532,0
331,0.906849,320,0.876712,94,3.40426,0.0425532,0
332,0.909589,305,0.835616,94,3.24468,0.0425532,0
333,0.912329,275,0.753425,94,2.92553,0.0425532,0
334,0.915068,345,0.945205,94,3.67021,0.0425532,0
335,0.917808,310,0.849315,94,3.29787,0.0425532,0
336,0.920548,320,0.876712,94,3.40426,0.0425532,0
337,0.923288,320,0.876712,94,3.40426,0.0425532,0
338,0.926027,295,0.808219,94,3.1383,0.0425532,0
339,0.928767,305,0.835616,94,3.24468,0.0425532,0
340,0.931507,315,0.863014,94,3.35106,0.0425532,0
341,0.934247,310,0.849315,94,3.29787,0.0425532,0
342,0.936986,290,0.794521,94,3.08511,0.0425532,0
343,0.939726,325,0.890411,94,3.45745,0.0425532,0
344,0.942466,305,0.835616,94,3.24468,0.0425532,0
345,0.945205,330,0.90411,94,3.51064,0.0425532,0
346,0.947945,305,0.835616,94,3.24468,0.0425532,0
347,0.950685,335,0.917808,94,3.56383,0.0425532,0
348,0.953425,280,0.767123,94,2.97872,0.0425532,0
349,0.956164,340,0.931507,94,3.61702,0.0425532,0
350,0.958904,290,0.794521,94,3.08511,0.0425532,0
351,0.961644,345,0.945205,94,3.67021,0.0425532,0
352,0.964384,315,0.863014,94,3.35106,0.0425532,0
353,0.967123,305,0.835616,94,3.24468,0.0425532,0
354,0.969863,280,0.767123,94,2.97872,0.0425532,0
355,0.972603,320,0.876712,94,3.40426,0.0425532,0
356,0.975342,310,0.849315,94,3.29787,0.0425532,0
357,0.978082,310,0.849315,94,3.29787,0.0425532,0
358,0.980822,310,0.849315,94,3.29787,0.0425532,0
359,0.983562,315,0.863014,94,3.35106,0.0425532,0
360,0.986301,305,0.835616,94,3.24468,0.0425532,0
361,0.989041,325,0.890411,94,3.45745,0.0425532,0
362,0.991781,290,0.794521,95,3.05263,0.0526316,0
363,0.994521,345,0.945205,95,3.63158,0.0526316,0
364,0.99726,285,0.780822,95,3,0.0526316,0
365,1,305,0.835616,95,3.21053,0.0526316,0
366,1.00274,285,0.780822,95,3,0.0526316,0
367,1.00548,335,0.917808,95,3.52632,0.0526316,0
368,1.00822,285,0.780822,95,3,0.0526316,0
369,1.01096,310,0.849315,95,3.26316,0.0526316,0
370,1.0137,310,0.849315,95,3.26316,0.0526316,0
371,1.01644,295,0.808219,95,3.10526,0.0526316,0
372,1.01918,320,0.876712,95,3.36842,0.0526316,0
373,1.02192,305,0.835616,95,3.21053,0.0526316,0
374,1.02466,340,0.931507,95,3.57895,0.0526316,0
375,1.0274,290,0.794521,95,3.05263,0.0526316,0
376,1.03014,340,0.931507,95,3.57895,0.0526316,0
377,1.03288,285,0.780822,95,3,0.0526316,0
378,1.03562,350,0.958904,95,3.68421,0.0526316,0
379,1.03836,345,0.945205,95,3.63158,0.0526316,0
380,1.0411,290,0.794521,95,3.05263,0.0526316,0
381,1.04384,375,1.0274,95,3.94737,0.0526316,0
382,1.04658,280,0.767123,95,2.94737,0.0526316,0
383,1.04932,300,0.821918,95,3.15789,0.0526316,0
384,1.05205,325,0.890411,95,3.42105,0.0526316,0
385,1.05479,320,0.876712,95,3.36842,0.0526316,0
386,1.05753,305,0.835616,95,3.21053,0.0526316,0
387,1.06027,325,0.890411,95,3.42105,0.0526316,0
388,1.06301,325,0.890411,95,3.42105,0.0526316,0
389,1.06575,310,0.849315,95,3.26316,0.0526316,0
390,1.06849,320,0.876712,95,3.36842,0.0526316,0
391,1.07123,350,0.958904,95,3.68421,0.0526316,0
392,1.07397,285,0.780822,95,3,0.0526316,0
393,1.07671,330,0.90411,95,3.47368,0.0526316,0
394,1.07945,310,0.849315,95,3.26316,0.0526316,0
395,1.08219,300,0.821918,95,3.15789,0.0526316,0
396,1.08493,325,0.890411,95,3.42105,0.0526316,0
397,1.08767,315,0.863014,95,3.31579,0.0526316,0
398,1.09041,330,0.90411,95,3.47368,0.0526316,0
399,1.09315,335,0.917808,95,3.52632,0.0526316,0
400,1.09589,310,0.849315,95,3.26316,0.0526316,0
401,1.09863,320,0.876712,95,3.36842,0.0526316,0
402,1.10137,325,0.890411,95,3.42105,0.0526316,0
403,1.10411,280,0.767123,95,2.94737,0.0526316,0
404,1.10685,350,0.958904,95,3.68421,0.0526316,0
405,1.10959,320,0.876712,95,3.36842,0.0526316,0
406,1.11233,300,0.821918,95,3.15789,0.0526316,0
407,1.11507,310,0.849315,95,3.26316,0.0526316,0
408,1.11781,340,0.931507,95,3.57895,0.0526316,0
409,1.12055,300,0.821918,95,3.15789,0.0526316,0
410,1.12329,315,0.863014,95,3.31579,0.0526316,0
411,1.12603,305,0.835616,95,3.21053,0.0526316,0
412,1.12877,300,0.821918,95,3.15789,0.0526316,0
413,1.13151,300,0.821918,95,3.15789,0.0526316,0
414,1.13425,300,0.821918,95,3.15789,0.0526316,0
415,1.13699,315,0.863014,95,3.31579,0.0526316,0
416,1.13973,315,0.863014,95,3.31579,0.0526316,0
417,1.14247,285,0.780822,95,3,0.0526316,0
418,1.14521,320,0.876712,95,3.36842,0.0526316,0
419,1.14795,310,0.849315,95,3.26316,0.0526316,0
420,1.15068,335,0.917808,95,3.52632,0.0526316,0
421,1.15342,290,0.794521,96,3.02083,0.0625,0
422,1.15616,355,0.972603,96,3.69792,0.0625,0
423,1.1589,295,0.808219,96,3.07292,0.0625,0
424,1.16164,305,0.835616,96,3.17708,0.0625,0
425,1.16438,350,0.958904,96,3.64583,0.0625,0
426,1.16712,325,0.890411,96,3.38542,0.0625,0
427,1.16986,300,0.821918,96,3.125,0.0625,0
428,1.1726,315,0.863014,96,3.28125,0.0625,0
429,1.17534,340,0.931507,96,3.54167,0.0625,0
430,1.17808,275,0.753425,96,2.86458,0.0625,0
431,1.18082,335,0.917808,96,3.48958,0.0625,0
432,1.18356,305,0.835616,96,3.17708,0.0625,0
433,1.1863,350,0.958904,97,3.60825,0.0721649,0
434,1.18904,305,0.835616,97,3.14433,0.0721649,0
435,1.19178,295,0.808219,97,3.04124,0.0721649,0
436,1.19452,320,0.876712,97,3.29897,0.0721649,0
437,1.19726,325,0.890411,97,3.35052,0.0721649,0
438,1.2,315,0.863014,97,3.24742,0.0721649,0
439,1.20274,360,0.986301,97,3.71134,0.0721649,0
440,1.20548,330,0.90411,97,3.40206,0.0721649,0
441,1.20822,320,0.876712,97,3.29897,0.0721649,0
442,1.21096,365,1,97,3.76289,0.0721649,0
443,1.2137,300,0.821918,97,3.09278,0.0721649,0
444,1.21644,345,0.945205,97,3.5567,0.0721649,0
445,1.21918,320,0.876712,97,3.29897,0.0721649,0
446,1.22192,330,0.90411,97,3.40206,0.0721649,0
447,1.22466,290,0.794521,97,2.98969,0.0721649,0
448,1.2274,335,0.917808,97,3.45361,0.0721649,0
449,1.23014,330,0.90411,97,3.40206,0.0721649,0
450,1.23288,300,0.821918,97,3.09278,0.0721649,0
451,1.23562,345,0.945205,97,3.5567,0.0721649,0
452,1.23836,310,0.849315,97,3.19588,0.0721649,0
453,1.2411,355,0.972603,97,3.65979,0.0721649,0
454,1.24384,320,0.876712,97,3.29897,0.0721649,0
455,1.24658,300,0.821918,97,3.09278,0.0721649,0
456,1.24932,325,0.890411,97,3.35052,0.0721649,0
457,1.25205,290,0.794521,97,2.98969,0.0721649,0
458,1.25479,340,0.931507,97,3.50515,0.0721649,0
459,1.25753,310,0.849315,97,3.19588,0.0721649,0
460,1.26027,330,0.90411,97,3.40206,0.0721649,0
461,1.26301,280,0.767123,97,2.8866,0.0721649,0
462,1.26575,340,0.931507,98,3.46939,0.0816327,0
463,1.26849,295,0.808219,98,3.0102,0.0816327,0
464,1.27123,330,0.90411,98,3.36735,0.0816327,0
465,1.27397,295,0.808219,98,3.0102,0.0816327,0
466,1.27671,325,0.890411,98,3.31633,0.0816327,0
467,1.27945,325,0.890411,98,3.31633,0.0816327,0
468,1.28219,345,0.945205,98,3.52041,0.0816327,0
469,1.28493,305,0.835616,98,3.11224,0.0816327,0
470,1.28767,300,0.821918,98,3.06122,0.0816327,0
471,1.29041,320,0.876712,98,3.26531,0.0816327,0
472,1.29315,345,0.945205,98,3.52041,0.0816327,0
473,1.29589,370,1.0137,98,3.77551,0.0816327,0
474,1.29863,295,0.808219,98,3.0102,0.0816327,0
475,1.30137,365,1,98,3.72449,0.0816327,0
476,1.30411,320,0.876712,98,3.26531,0.0816327,0
477,1.30685,310,0.849315,98,3.16327,0.0816327,0
478,1.30959,350,0.958904,98,3.57143,0.0816327,0
479,1.31233,285,0.780822,98,2.90816,0.0816327,0
480,1.31507,320,0.876712,98,3.26531,0.0816327,0
481,1.31781,315,0.863014,98,3.21429,0.0816327,0
482,1.32055,345,0.945205,98,3.52041,0.0816327,0
483,1.32329,325,0.890411,98,3.31633,0.0816327,0
484,1.32603,325,0.890411,98,3.31633,0.0816327,0
485,1.32877,335,0.917808,98,3.41837,0.0816327,0
486,1.33151,320,0.876712,98,3.26531,0.0816327,0
487,1.33425,335,0.917808,98,3.41837,0.0816327,0
488,1.33699,305,0.835616,98,3.11224,0.0816327,0
489,1.33973,330,0.90411,98,3.36735,0.0816327,0
490,1.34247,335,0.917808,98,3.41837,0.0816327,0
491,1.34521,325,0.890411,98,3.31633,0.0816327,0
492,1.34795,295,0.808219,98,3.0102,0.0816327,0
493,1.35068,330,0.90411,98,3.36735,0.0816327,0
494,1.35342,350,0.958904,98,3.57143,0.0816327,0
495,1.35616,325,0.890411,98,3.31633,0.0816327,0
496,1.3589,330,0.90411,98,3.36735,0.0816327,0
497,1.36164,345,0.945205,98,3.52041,0.0816327,0
498,1.36438,320,0.876712,98,3.26531,0.0816327,0
499,1.36712,325,0.890411,98,3.31633,0.0816327,0
500,1.36986,355,0.972603,98,3.62245,0.0816327,0
501,1.3726,300,0.821918,98,3.06122,0.0816327,0
502,1.37534,340,0.931507,98,3.46939,0.0816327,0
503,1.37808,345,0.945205,98,3.52041,0.0816327,0
504,1.38082,305,0.835616,98,3.11224,0.0816327,0
505,1.38356,370,1.0137,98,3.77551,0.0816327,0
506,1.3863,315,0.863014,98,3.21429,0.0816327,0
507,1.38904,310,0.849315,98,3.16327,0.0816327,0
508,1.39178,335,0.917808,98,3.41837,0.0816327,0
509,1.39452,355,0.972603,98,3.62245,0.0816327,0
510,1.39726,325,0.890411,98,3.31633,0.0816327,0
511,1.4,325,0.890411,98,3.31633,0.0816327,0
512,1.40274,315,0.863014,98,3.21429,0.0816327,0
513,1.40548,365,1,98,3.72449,0.0816327,0
514,1.40822,285,0.780822,98,2.90816,0.0816327,0
515,1.41096,335,0.917808,98,3.41837,0.0816327,0
516,1.4137,285,0.780822,98,2.90816,0.0816327,0
517,1.41644,330,0.90411,98,3.36735,0.0816327,0
518,1.41918,300,0.821918,98,3.06122,0.0816327,0
519,1.42192,325,0.890411,98,3.31633,0.0816327,0
520,1.42466,300,0.821918,98,3.06122,0.0816327,0
521,1.4274,355,0.972603,98,3.62245,0.0816327,0
522,1.43014,315,0.863014,98,3.21429,0.0816327,0
523,1.43288,335,0.917808,98,3.41837,0.0816327,0
524,1.43562,300,0.821918,98,3.06122,0.0816327,0
525,1.43836,360,0.986301,98,3.67347,0.0816327,0
526,1.4411,320,0.876712,98,3.26531,0.0816327,0
527,1.44384,290,0.794521,98,2.95918,0.0816327,0
528,1.44658,340,0.931507,98,3.46939,0.0816327,0
529,1.44932,385,1.05479,98,3.92857,0.0816327,0
530,1.45205,305,0.835616,98,3.11224,0.0816327,0
531,1.45479,340,0.931507,98,3.46939,0.0816327,0
532,1.45753,325,0.890411,98,3.31633,0.0816327,0
533,1.46027,320,0.876712,98,3.26531,0.0816327,0
534,1.46301,325,0.890411,98,3.31633,0.0816327,0
535,1.46575,325,0.890411,98,3.31633,0.0816327,0
536,1.46849,355,0.972603,98,3.62245,0.0816327,0
537,1.47123,295,0.808219,98,3.0102,0.0816327,0
538,1.47397,345,0.945205,98,3.52041,0.0816327,0
539,1.47671,310,0.849315,98,3.16327,0.0816327,0
540,1.47945,340,0.931507,98,3.46939,0.0816327,0
541,1.48219,265,0.726027,98,2.70408,0.0816327,0
542,1.48493,330,0.90411,98,3.36735,0.0816327,0
543,1.48767,335,0.917808,98,3.41837,0.0816327,0
544,1.49041,335,0.917808,98,3.41837,0.0816327,0
545,1.49315,320,0.876712,98,3.26531,0.0816327,0
546,1.49589,320,0.876712,98,3.26531,0.0816327,0
547,1.49863,310,0.849315,98,3.16327,0.0816327,0
548,1.50137,325,0.890411,98,3.31633,0.0816327,0
549,1.50411,325,0.890411,98,3.31633,0.0816327,0
550,1.50685,295,0.808219,98,3.0102,0.0816327,0
551,1.50959,385,1.05479,98,3.92857,0.0816327,0
552,1.51233,305,0.835616,98,3.11224,0.0816327,0
553,1.51507,340,0.931507,98,3.46939,0.0816327,0
554,1.51781,300,0.821918,98,3.06122,0.0816327,0
555,1.52055,375,1.0274,99,3.78788,0.0909091,0
556,1.52329,300,0.821918,99,3.0303,0.0909091,0
557,1.52603,315,0.863014,99,3.18182,0.0909091,0
558,1.52877,305,0.835616,99,3.08081,0.0909091,0
559,1.53151,355,0.972603,99,3.58586,0.0909091,0
560,1.53425,315,0.863014,99,3.18182,0.0909091,0
561,1.53699,340,0.931507,99,3.43434,0.0909091,0
562,1.53973,325,0.890411,99,3.28283,0.0909091,0
563,1.54247,335,0.917808,99,3.38384,0.0909091,0
564,1.54521,360,0.986301,99,3.63636,0.0909091,0
565,1.54795,330,0.90411,99,3.33333,0.0909091,0
566,1.55068,355,0.972603,99,3.58586,0.0909091,0
567,1.55342,320,0.876712,99,3.23232,0.0909091,0
568,1.55616,340,0.931507,99,3.43434,0.0909091,0
569,1.5589,345,0.945205,99,3.48485,0.0909091,0
570,1.56164,310,0.849315,99,3.13131,0.0909091,0
571,1.56438,315,0.863014,99,3.18182,0.0909091,0
572,1.56712,350,0.958904,99,3.53535,0.0909091,0
573,1.56986,325,0.890411,99,3.28283,0.0909091,0
574,1.5726,325,0.890411,99,3.28283,0.0909091,0
575,1.57534,380,1.0411,99,3.83838,0.0909091,0
576,1.57808,305,0.835616,99,3.08081,0.0909091,0
577,1.58082,350,0.958904,99,3.53535,0.0909091,0
578,1.58356,335,0.917808,99,3.38384,0.0909091,0
579,1.5863,340,0.931507,99,3.43434,0.0909091,0
580,1.58904,325,0.890411,99,3.28283,0.0909091,0
581,1.59178,305,0.835616,99,3.08081,0.0909091,0
582,1.59452,335,0.917808,99,3.38384,0.0909091,0
583,1.59726,330,0.90411,99,3.33333,0.0909091,0
584,1.6,335,0.917808,99,3.38384,0.0909091,0
585,1.60274,350,0.958904,99,3.53535,0.0909091,0
586,1.60548,355,0.972603,99,3.58586,0.0909091,0
587,1.60822,315,0.863014,99,3.18182,0.0909091,0
588,1.61096,345,0.945205,99,3.48485,0.0909091,0
589,1.6137,310,0.849315,99,3.13131,0.0909091,0
590,1.61644,345,0.945205,99,3.48485,0.0909091,0
591,1.61918,350,0.958904,99,3.53535,0.0909091,0
592,1.62192,310,0.849315,99,3.13131,0.0909091,0
593,1.62466,350,0.958904,99,3.53535,0.0909091,0
594,1.6274,305,0.835616,99,3.08081,0.0909091,0
595,1.63014,350,0.958904,100,3.5,0.1,0
596,1.63288,335,0.917808,100,3.35,0.1,0
597,1.63562,330,0.90411,100,3.3,0.1,0
598,1.63836,350,0.958904,100,3.5,0.1,0
599,1.6411,375,1.0274,100,3.75,0.1,0
600,1.64384,330,0.90411,100,3.3,0.1,0
601,1.64658,330,0.90411,100,3.3,0.1,0
602,1.64932,340,0.931507,100,3.4,0.1,0
603,1.65205,355,0.972603,100,3.55,0.1,0
604,1.65479,340,0.931507,100,3.4,0.1,0
605,1.65753,340,0.931507,100,3.4,0.1,0
606,1.66027,325,0.890411,100,3.25,0.1,0
607,1.66301,370,1.0137,100,3.7,0.1,0
608,1.66575,320,0.876712,100,3.2,0.1,0
609,1.66849,305,0.835616,100,3.05,0.1,0
610,1.67123,340,0.931507,100,3.4,0.1,0
611,1.67397,330,0.90411,100,3.3,0.1,0
612,1.67671,335,0.917808,100,3.35,0.1,0
613,1.67945,330,0.90411,100,3.3,0.1,0
614,1.68219,365,1,100,3.65,0.1,0
615,1.68493,315,0.863014,100,3.15,0.1,0
616,1.68767,370,1.0137,100,3.7,0.1,0
617,1.69041,335,0.917808,100,3.35,0.1,0
618,1.69315,355,0.972603,100,3.55,0.1,0
619,1.69589,315,0.863014,100,3.15,0.1,0
620,1.69863,330,0.90411,100,3.3,0.1,0
621,1.70137,355,0.972603,100,3.55,0.1,0
622,1.70411,325,0.890411,100,3.25,0.1,0
623,1.70685,325,0.890411,100,3.25,0.1,0
624,1.70959,320,0.876712,100,3.2,0.1,0
625,1.71233,365,1,100,3.65,0.1,0
626,1.71507,350,0.958904,100,3.5,0.1,0
627,1.71781,310,0.849315,100,3.1,0.1,0
628,1.72055,325,0.890411,100,3.25,0.1,0
629,1.72329,305,0.835616,101,3.0198,0.108911,0
630,1.72603,320,0.876712,101,3.16832,0.108911,0
631,1.72877,355,0.972603,101,3.51485,0.108911,0
632,1.73151,295,0.808219,101,2.92079,0.108911,0
633,1.73425,355,0.972603,101,3.51485,0.108911,0
634,1.73699,345,0.945205,101,3.41584,0.108911,0
635,1.73973,345,0.945205,101,3.41584,0.108911,0
636,1.74247,330,0.90411,101,3.26733,0.108911,0
637,1.74521,330,0.90411,101,3.26733,0.108911,0
638,1.74795,315,0.863014,101,3.11881,0.108911,0
639,1.75068,345,0.945205,101,3.41584,0.108911,0
640,1.75342,305,0.835616,101,3.0198,0.108911,0
641,1.75616,330,0.90411,101,3.26733,0.108911,0
642,1.7589,320,0.876712,101,3.16832,0.108911,0
643,1.76164,355,0.972603,101,3.51485,0.108911,0
644,1.76438,325,0.890411,101,3.21782,0.108911,0
645,1.76712,355,0.972603,101,3.51485,0.108911,0
646,1.76986,350,0.958904,101,3.46535,0.108911,0
647,1.7726,310,0.849315,101,3.06931,0.108911,0
648,1.77534,350,0.958904,101,3.46535,0.108911,0
649,1.77808,335,0.917808,101,3.31683,0.108911,0
650,1.78082,280,0.767123,101,2.77228,0.108911,0
651,1.78356,385,1.05479,101,3.81188,0.108911,0
652,1.7863,310,0.849315,101,3.06931,0.108911,0
653,1.78904,365,1,101,3.61386,0.108911,0
654,1.79178,300,0.821918,101,2.9703,0.108911,0
655,1.79452,360,0.986301,101,3.56436,0.108911,0
656,1.79726,295,0.808219,101,2.92079,0.108911,0
657,1.8,345,0.945205,101,3.41584,0.108911,0
658,1.80274,335,0.917808,102,3.28431,0.117647,0
659,1.80548,325,0.890411,102,3.18627,0.117647,0
660,1.80822,375,1.0274,102,3.67647,0.117647,0
661,1.81096,330,0.90411,102,3.23529,0.117647,0
662,1.8137,340,0.931507,102,3.33333,0.117647,0
663,1.81644,335,0.917808,102,3.28431,0.117647,0
664,1.81918,350,0.958904,102,3.43137,0.117647,0
665,1.82192,305,0.835616,102,2.9902,0.117647,0
666,1.82466,375,1.0274,102,3.67647,0.117647,0
667,1.8274,295,0.808219,102,2.89216,0.117647,0
668,1.83014,360,0.986301,102,3.52941,0.117647,0
669,1.83288,340,0.931507,102,3.33333,0.117647,0
670,1.83562,350,0.958904,102,3.43137,0.117647,0
671,1.83836,340,0.931507,102,3.33333,0.117647,0
672,1.8411,340,0.931507,102,3.33333,0.117647,0
673,1.84384,365,1,102,3.57843,0.117647,0
674,1.84658,325,0.890411,102,3.18627,0.117647,0
675,1.84932,360,0.986301,102,3.52941,0.117647,0
676,1.85205,310,0.849315,102,3.03922,0.117647,0
677,1.85479,375,1.0274,102,3.67647,0.117647,0
678,1.85753,300,0.821918,102,2.94118,0.117647,0
679,1.86027,360,0.986301,102,3.52941,0.117647,0
680,1.86301,325,0.890411,102,3.18627,0.117647,0
681,1.86575,375,1.0274,102,3.67647,0.117647,0
682,1.86849,315,0.863014,102,3.08824,0.117647,0
683,1.87123,335,0.917808,102,3.28431,0.117647,0
684,1.87397,340,0.931507,102,3.33333,0.117647,0
685,1.87671,330,0.90411,102,3.23529,0.117647,0
686,1.87945,335,0.917808,102,3.28431,0.117647,0
687,1.88219,370,1.0137,102,3.62745,0.117647,0
688,1.88493,300,0.821918,102,2.94118,0.117647,0
689,1.88767,370,1.0137,102,3.62745,0.117647,0
690,1.89041,335,0.917808,102,3.28431,0.117647,0
691,1.89315,325,0.890411,102,3.18627,0.117647,0
692,1.89589,390,1.06849,102,3.82353,0.117647,0
693,1.89863,315,0.863014,102,3.08824,0.117647,0
694,1.90137,350,0.958904,102,3.43137,0.117647,0
695,1.90411,335,0.917808,102,3.28431,0.117647,0
696,1.90685,330,0.90411,102,3.23529,0.117647,0
697,1.90959,335,0.917808,102,3.28431,0.117647,0
698,1.91233,345,0.945205,102,3.38235,0.117647,0
699,1.91507,330,0.90411,102,3.23529,0.117647,0
700,1.91781,340,0.931507,102,3.33333,0.117647,0
701,1.92055,355,0.972603,102,3.48039,0.117647,0
702,1.92329,330,0.90411,102,3.23529,0.117647,0
703,1.92603,290,0.794521,102,2.84314,0.117647,0
704,1.92877,375,1.0274,102,3.67647,0.117647,0
705,1.93151,345,0.945205,102,3.38235,0.117647,0
706,1.93425,330,0.90411,102,3.23529,0.117647,0
707,1.93699,305,0.835616,102,2.9902,0.117647,0
708,1.93973,355,0.972603,102,3.48039,0.117647,0
709,1.94247,295,0.808219,102,2.89216,0.117647,0
710,1.94521,370,1.0137,102,3.62745,0.117647,0
711,1.94795,305,0.835616,102,2.9902,0.117647,0
712,1.95068,360,0.986301,102,3.52941,0.117647,0
713,1.95342,310,0.849315,102,3.03922,0.117647,0
714,1.95616,345,0.945205,102,3.38235,0.117647,0
715,1.9589,300,0.821918,102,2.94118,0.117647,0
716,1.96164,375,1.0274,102,3.67647,0.117647,0
717,1.96438,315,0.863014,102,3.08824,0.117647,0
718,1.96712,335,0.917808,102,3.28431,0.117647,0
719,1.96986,365,1,102,3.57843,0.117647,0
720,1.9726,325,0.890411,102,3.18627,0.117647,0
721,1.97534,335,0.917808,102,3.28431,0.117647,0
722,1.97808,375,1.0274,102,3.67647,0.117647,0
723,1.98082,270,0.739726,102,2.64706,0.117647,0
724,1.98356,370,1.0137,102,3.62745,0.117647,0
725,1.9863,300,0.821918,102,2.94118,0.117647,0
726,1.98904,355,0.972603,102,3.48039,0.117647,0
727,1.99178,310,0.849315,102,3.03922,0.117647,0
728,1.99452,350,0.958904,102,3.43137,0.117647,0
729,1.99726,325,0.890411,102,3.18627,0.117647,0
730,2,365,1,102,3.57843,0.117647,0
731,2.00274,335,0.917808,102,3.28431,0.117647,0
732,2.00548,355,0.972603,102,3.48039,0.117647,0
733,2.00822,350,0.958904,102,3.43137,0.117647,0
734,2.01096,310,0.849315,102,3.03922,0.117647,0
735,2.0137,380,1.0411,102,3.72549,0.117647,0
736,2.01644,335,0.917808,102,3.28431,0.117647,0
737,2.01918,330,0.90411,102,3.23529,0.117647,0
738,2.02192,320,0.876712,102,3.13725,0.117647,0
739,2.02466,350,0.958904,102,3.43137,0.117647,0
740,2.0274,380,1.0411,102,3.72549,0.117647,0
741,2.03014,365,1,102,3.57843,0.117647,0
742,2.03288,305,0.835616,102,2.9902,0.117647,0
743,2.03562,385,1.05479,102,3.77451,0.117647,0
744,2.03836,350,0.958904,102,3.43137,0.117647,0
745,2.0411,350,0.958904,102,3.43137,0.117647,0
746,2.04384,370,1.0137,102,3.62745,0.117647,0
747,2.04658,315,0.863014,102,3.08824,0.117647,0
748,2.04932,360,0.986301,102,3.52941,0.117647,0
749,2.05205,360,0.986301,102,3.52941,0.117647,0
750,2.05479,340,0.931507,102,3.33333,0.117647,0
751,2.05753,335,0.917808,102,3.28431,0.117647,0
752,2.06027,350,0.958904,102,3.43137,0.117647,0
753,2.06301,315,0.863014,102,3.08824,0.117647,0
754,2.06575,375,1.0274,102,3.67647,0.117647,0
755,2.06849,375,1.0274,102,3.67647,0.117647,0
756,2.07123,330,0.90411,102,3.23529,0.117647,0
757,2.07397,350,0.958904,102,3.43137,0.117647,0
758,2.07671,350,0.958904,102,3.43137,0.117647,0
759,2.07945,320,0.876712,102,3.13725,0.117647,0
760,2.08219,335,0.917808,102,3.28431,0.117647,0
761,2.08493,310,0.849315,102,3.03922,0.117647,0
762,2.08767,325,0.890411,102,3.18627,0.117647,0
763,2.09041,340,0.931507,102,3.33333,0.117647,0
764,2.09315,330,0.90411,102,3.23529,0.117647,0
765,2.09589,350,0.958904,102,3.43137,0.117647,0
766,2.09863,345,0.945205,102,3.38235,0.117647,0
767,2.10137,350,0.958904,102,3.43137,0.117647,0
768,2.10411,385,1.05479,102,3.77451,0.117647,0
769,2.10685,300,0.821918,102,2.94118,0.117647,0
770,2.10959,340,0.931507,102,3.33333,0.117647,0
771,2.11233,330,0.90411,102,3.23529,0.117647,0
772,2.11507,400,1.09589,102,3.92157,0.117647,0
773,2.11781,305,0.835616,102,2.9902,0.117647,0
774,2.12055,365,1,103,3.54369,0.126214,0
775,2.12329,315,0.863014,103,3.05825,0.126214,0
776,2.12603,340,0.931507,103,3.30097,0.126214,0
777,2.12877,325,0.890411,103,3.15534,0.126214,0
778,2.13151,340,0.931507,103,3.30097,0.126214,0
779,2.13425,325,0.890411,103,3.15534,0.126214,0
780,2.13699,395,1.08219,103,3.83495,0.126214,0
781,2.13973,350,0.958904,103,3.39806,0.126214,0
782,2.14247,340,0.931507,103,3.30097,0.126214,0
783,2.14521,350,0.958904,103,3.39806,0.126214,0
784,2.14795,360,0.986301,103,3.49515,0.126214,0
785,2.15068,355,0.972603,103,3.4466,0.126214,0
786,2.15342,345,0.945205,103,3.34951,0.126214,0
787,2.15616,350,0.958904,103,3.39806,0.126214,0
788,2.1589,350,0.958904,103,3.39806,0.126214,0
789,2.16164,360,0.986301,103,3.49515,0.126214,0
790,2.16438,325,0.890411,103,3.15534,0.126214,0
791,2.16712,355,0.972603,103,3.4466,0.126214,0
792,2.16986,330,0.90411,103,3.20388,0.126214,0
793,2.1726,335,0.917808,103,3.25243,0.126214,0
794,2.17534,320,0.876712,103,3.1068,0.126214,0
795,2.17808,365,1,103,3.54369,0.126214,0
796,2.18082,345,0.945205,103,3.34951,0.126214,0
797,2.18356,360,0.986301,103,3.49515,0.126214,0
798,2.1863,335,0.917808,103,3.25243,0.126214,0
799,2.18904,335,0.917808,103,3.25243,0.126214,0
800,2.19178,335,0.917808,103,3.25243,0.126214,0
801,2.19452,340,0.931507,103,3.30097,0.126214,0
802,2.19726,335,0.917808,103,3.25243,0.126214,0
803,2.2,360,0.986301,103,3.49515,0.126214,0
804,2.20274,360,0.986301,103,3.49515,0.126214,0
805,2.20548,340,0.931507,103,3.30097,0.126214,0
806,2.20822,370,1.0137,103,3.59223,0.126214,0
807,2.21096,320,0.876712,103,3.1068,0.126214,0
808,2.2137,340,0.931507,103,3.30097,0.126214,0
809,2.21644,355,0.972603,103,3.4466,0.126214,0
810,2.21918,310,0.849315,103,3.00971,0.126214,0
811,2.22192,340,0.931507,103,3.30097,0.126214,0
812,2.22466,330,0.90411,103,3.20388,0.126214,0
813,2.2274,355,0.972603,103,3.4466,0.126214,0
814,2.23014,365,1,103,3.54369,0.126214,0
815,2.23288,330,0.90411,103,3.20388,0.126214,0
816,2.23562,370,1.0137,103,3.59223,0.126214,0
817,2.23836,300,0.821918,103,2.91262,0.126214,0
818,2.2411,355,0.972603,103,3.4466,0.126214,0
819,2.24384,360,0.986301,103,3.49515,0.126214,0
820,2.24658,330,0.90411,103,3.20388,0.126214,0
821,2.24932,385,1.05479,103,3.73786,0.126214,0
822,2.25205,315,0.863014,103,3.05825,0.126214,0
823,2.25479,325,0.890411,103,3.15534,0.126214,0
824,2.25753,335,0.917808,103,3.25243,0.126214,0
825,2.26027,340,0.931507,103,3.30097,0.126214,0
826,2.26301,375,1.0274,103,3.64078,0.126214,0
827,2.26575,325,0.890411,103,3.15534,0.126214,0
828,2.26849,375,1.0274,103,3.64078,0.126214,0
829,2.27123,295,0.808219,103,2.86408,0.126214,0
830,2.27397,340,0.931507,103,3.30097,0.126214,0
831,2.27671,320,0.876712,103,3.1068,0.126214,0
832,2.27945,385,1.05479,103,3.73786,0.126214,0
833,2.28219,360,0.986301,103,3.49515,0.126214,0
834,2.28493,265,0.726027,103,2.57282,0.126214,0
835,2.28767,360,0.986301,103,3.49515,0.126214,0
836,2.29041,355,0.972603,103,3.4466,0.126214,0
837,2.29315,355,0.972603,103,3.4466,0.126214,0
838,2.29589,345,0.945205,103,3.34951,0.126214,0
839,2.29863,320,0.876712,103,3.1068,0.126214,0
840,2.30137,380,1.0411,103,3.68932,0.126214,0
841,2.30411,320,0.876712,103,3.1068,0.126214,0
842,2.30685,385,1.05479,103,3.73786,0.126214,0
843,2.30959,305,0.835616,103,2.96117,0.126214,0
844,2.31233,405,1.10959,103,3.93204,0.126214,0
845,2.31507,290,0.794521,103,2.81553,0.126214,0
846,2.31781,380,1.0411,103,3.68932,0.126214,0
847,2.32055,325,0.890411,103,3.15534,0.126214,0
848,2.32329,330,0.90411,103,3.20388,0.126214,0
849,2.32603,325,0.890411,103,3.15534,0.126214,0
850,2.32877,370,1.0137,103,3.59223,0.126214,0
851,2.33151,290,0.794521,103,2.81553,0.126214,0
852,2.33425,375,1.0274,103,3.64078,0.126214,0
853,2.33699,325,0.890411,103,3.15534,0.126214,0
854,2.33973,330,0.90411,103,3.20388,0.126214,0
855,2.34247,340,0.931507,103,3.30097,0.126214,0
856,2.34521,360,0.986301,103,3.49515,0.126214,0
857,2.34795,355,0.972603,103,3.4466,0.126214,0
858,2.35068,370,1.0137,103,3.59223,0.126214,0
859,2.35342,320,0.876712,103,3.1068,0.126214,0
860,2.35616,345,0.945205,103,3.34951,0.126214,0
861,2.3589,325,0.890411,103,3.15534,0.126214,0
862,2.36164,350,0.958904,103,3.39806,0.126214,0
863,2.36438,335,0.917808,103,3.25243,0.126214,0
864,2.36712,350,0.958904,103,3.39806,0.126214,0
865,2.36986,375,1.0274,103,3.64078,0.126214,0
866,2.3726,335,0.917808,103,3.25243,0.126214,0
867,2.37534,340,0.931507,103,3.30097,0.126214,0
868,2.37808,335,0.917808,103,3.25243,0.126214,0
869,2.38082,355,0.972603,103,3.4466,0.126214,0
870,2.38356,325,0.890411,103,3.15534,0.126214,0
871,2.3863,350,0.958904,103,3.39806,0.126214,0
872,2.38904,350,0.958904,103,3.39806,0.126214,0
873,2.39178,320,0.876712,103,3.1068,0.126214,0
874,2.39452,340,0.931507,103,3.30097,0.126214,0
875,2.39726,320,0.876712,103,3.1068,0.126214,0
876,2.4,375,1.0274,103,3.64078,0.126214,0
877,2.40274,330,0.90411,103,3.20388,0.126214,0
878,2.40548,320,0.876712,103,3.1068,0.126214,0
879,2.40822,340,0.931507,103,3.30097,0.126214,0
880,2.41096,350,0.958904,103,3.39806,0.126214,0
881,2.4137,330,0.90411,103,3.20388,0.126214,0
882,2.41644,385,1.05479,103,3.73786,0.126214,0
883,2.41918,330,0.90411,103,3.20388,0.126214,0
884,2.42192,355,0.972603,103,3.4466,0.126214,0
885,2.42466,335,0.917808,103,3.25243,0.126214,0
886,2.4274,330,0.90411,103,3.20388,0.126214,0
887,2.43014,345,0.945205,103,3.34951,0.126214,0
888,2.43288,320,0.876712,103,3.1068,0.126214,0
889,2.43562,330,0.90411,103,3.20388,0.126214,0
890,2.43836,365,1,103,3.54369,0.126214,0
891,2.4411,355,0.972603,103,3.4466,0.126214,0
892,2.44384,355,0.972603,103,3.4466,0.126214,0
893,2.44658,330,0.90411,103,3.20388,0.126214,0
894,2.44932,335,0.917808,103,3.25243,0.126214,0
895,2.45205,385,1.05479,103,3.73786,0.126214,0
896,2.45479,305,0.835616,103,2.96117,0.126214,0
897,2.45753,360,0.986301,103,3.49515,0.126214,0
898,2.46027,365,1,103,3.54369,0.126214,0
899,2.46301,330,0.90411,103,3.20388,0.126214,0
900,2.46575,360,0.986301,103,3.49515,0.126214,0
901,2.46849,305,0.835616,103,2.96117,0.126214,0
902,2.47123,370,1.0137,103,3.59223,0.126214,0
903,2.47397,325,0.890411,103,3.15534,0.126214,0
904,2.47671,365,1,103,3.54369,0.126214,0
905,2.47945,365,1,103,3.54369,0.126214,0
906,2.48219,350,0.958904,103,3.39806,0.126214,0
907,2.48493,350,0.958904,103,3.39806,0.126214,0
908,2.48767,355,0.972603,103,3.4466,0.126214,0
909,2.49041,335,0.917808,103,3.25243,0.126214,0
910,2.49315,370,1.0137,103,3.59223,0.126214,0
911,2.49589,330,0.90411,103,3.20388,0.126214,0
912,2.49863,350,0.958904,103,3.39806,0.126214,0
913,2.50137,320,0.876712,103,3.1068,0.126214,0
914,2.50411,330,0.90411,103,3.20388,0.126214,0
915,2.50685,325,0.890411,103,3.15534,0.126214,0
916,2.50959,320,0.876712,103,3.1068,0.126214,0
917,2.51233,335,0.917808,103,3.25243,0.126214,0
918,2.51507,360,0.986301,103,3.49515,0.126214,0
919,2.51781,350,0.958904,103,3.39806,0.126214,0
920,2.52055,320,0.876712,103,3.1068,0.126214,0
921,2.52329,340,0.931507,103,3.30097,0.126214,0
922,2.52603,345,0.945205,103,3.34951,0.126214,0
923,2.52877,370,1.0137,103,3.59223,0.126214,0
924,2.53151,320,0.876712,103,3.1068,0.126214,0
925,2.53425,360,0.986301,104,3.46154,0.134615,0
926,2.53699,335,0.917808,104,3.22115,0.134615,0
927,2.53973,340,0.931507,104,3.26923,0.134615,0
928,2.54247,330,0.90411,104,3.17308,0.134615,0
929,2.54521,385,1.05479,104,3.70192,0.134615,0
930,2.54795,300,0.821918,104,2.88462,0.134615,0
931,2.55068,360,0.986301,104,3.46154,0.134615,0
932,2.55342,350,0.958904,104,3.36538,0.134615,0
933,2.55616,360,0.986301,104,3.46154,0.134615,0
934,2.5589,370,1.0137,104,3.55769,0.134615,0
935,2.56164,280,0.767123,104,2.69231,0.134615,0
936,2.56438,385,1.05479,104,3.70192,0.134615,0
937,2.56712,325,0.890411,104,3.125,0.134615,0
938,2.56986,325,0.890411,104,3.125,0.134615,0
939,2.5726,365,1,104,3.50962,0.134615,0
940,2.57534,310,0.849315,104,2.98077,0.134615,0
941,2.57808,390,1.06849,104,3.75,0.134615,0
942,2.58082,315,0.863014,104,3.02885,0.134615,0
943,2.58356,375,1.0274,104,3.60577,0.134615,0
944,2.5863,315,0.863014,104,3.02885,0.134615,0
945,2.58904,410,1.12329,104,3.94231,0.134615,0
946,2.59178,335,0.917808,104,3.22115,0.134615,0
947,2.59452,330,0.90411,104,3.17308,0.134615,0
948,2.59726,300,0.821918,104,2.88462,0.134615,0
949,2.6,370,1.0137,104,3.55769,0.134615,0
950,2.60274,335,0.917808,104,3.22115,0.134615,0
951,2.60548,355,0.972603,104,3.41346,0.134615,0
952,2.60822,325,0.890411,104,3.125,0.134615,0
953,2.61096,335,0.917808,104,3.22115,0.134615,0
954,2.6137,345,0.945205,104,3.31731,0.134615,0
955,2.61644,355,0.972603,104,3.41346,0.134615,0
956,2.61918,390,1.06849,104,3.75,0.134615,0
957,2.62192,320,0.876712,104,3.07692,0.134615,0
958,2.62466,350,0.958904,104,3.36538,0.134615,0
959,2.6274,355,0.972603,104,3.41346,0.134615,0
960,2.63014,335,0.917808,104,3.22115,0.134615,0
961,2.63288,360,0.986301,104,3.46154,0.134615,0
962,2.63562,375,1.0274,104,3.60577,0.134615,0
963,2.63836,345,0.945205,104,3.31731,0.134615,0
964,2.6411,355,0.972603,104,3.41346,0.134615,0
965,2.64384,340,0.931507,104,3.26923,0.134615,0
966,2.64658,355,0.972603,104,3.41346,0.134615,0
967,2.64932,370,1.0137,104,3.55769,0.134615,0
968,2.65205,335,0.917808,104,3.22115,0.134615,0
969,2.65479,340,0.931507,104,3.26923,0.134615,0
970,2.65753,350,0.958904,104,3.36538,0.134615,0
971,2.66027,355,0.972603,104,3.41346,0.134615,0
972,2.66301,315,0.863014,104,3.02885,0.134615,0
973,2.66575,400,1.09589,105,3.80952,0.142857,0
974,2.66849,305,0.835616,105,2.90476,0.142857,0
975,2.67123,335,0.917808,105,3.19048,0.142857,0
976,2.67397,330,0.90411,105,3.14286,0.142857,0
977,2.67671,350,0.958904,105,3.33333,0.142857,0
978,2.67945,330,0.90411,105,3.14286,0.142857,0
979,2.68219,360,0.986301,105,3.42857,0.142857,0
980,2.68493,320,0.876712,105,3.04762,0.142857,0
981,2.68767,360,0.986301,105,3.42857,0.142857,0
982,2.69041,325,0.890411,105,3.09524,0.142857,0
983,2.69315,350,0.958904,106,3.30189,0.150943,0
984,2.69589,350,0.958904,106,3.30189,0.150943,0
985,2.69863,375,1.0274,106,3.53774,0.150943,0
986,2.70137,370,1.0137,106,3.49057,0.150943,0
987,2.70411,330,0.90411,106,3.11321,0.150943,0
988,2.70685,355,0.972603,106,3.34906,0.150943,0
989,2.70959,380,1.0411,106,3.58491,0.150943,0
990,2.71233,345,0.945205,106,3.25472,0.150943,0
991,2.71507,345,0.945205,106,3.25472,0.150943,0
992,2.71781,350,0.958904,106,3.30189,0.150943,0
993,2.72055,365,1,106,3.4434,0.150943,0
994,2.72329,360,0.986301,106,3.39623,0.150943,0
995,2.72603,345,0.945205,106,3.25472,0.150943,0
996,2.72877,330,0.90411,106,3.11321,0.150943,0
997,2.73151,340,0.931507,106,3.20755,0.150943,0
998,2.73425,365,1,106,3.4434,0.150943,0
999,2.73699,370,1.0137,106,3.49057,0.150943,0
1000,2.73973,360,0.986301,106,3.39623,0.150943,0
1001,2.74247,355,0.972603,106,3.34906,0.150943,0
1002,2.74521,355,0.972603,106,3.34906,0.150943,0
1003,2.74795,385,1.05479,106,3.63208,0.150943,0
1004,2.75068,330,0.90411,106,3.11321,0.150943,0
1005,2.75342,350,0.958904,106,3.30189,0.150943,0
1006,2.75616,355,0.972603,106,3.34906,0.150943,0
1007,2.7589,330,0.90411,106,3.11321,0.150943,0
1008,2.76164,395,1.08219,106,3.72642,0.150943,0
1009,2.76438,355,0.972603,106,3.34906,0.150943,0
1010,2.76712,340,0.931507,106,3.20755,0.150943,0
1011,2.76986,395,1.08219,106,3.72642,0.150943,0
1012,2.7726,355,0.972603,106,3.34906,0.150943,0
1013,2.77534,370,1.0137,106,3.49057,0.150943,0
1014,2.77808,365,1,106,3.4434,0.150943,0
1015,2.78082,350,0.958904,106,3.30189,0.150943,0
1016,2.78356,395,1.08219,106,3.72642,0.150943,0
1017,2.7863,375,1.0274,106,3.53774,0.150943,0
1018,2.78904,335,0.917808,106,3.16038,0.150943,0
1019,2.79178,395,1.08219,106,3.72642,0.150943,0
1020,2.79452,325,0.890411,106,3.06604,0.150943,0
1021,2.79726,350,0.958904,106,3.30189,0.150943,0
1022,2.8,375,1.0274,106,3.53774,0.150943,0
1023,2.80274,345,0.945205,106,3.25472,0.150943,0
1024,2.80548,365,1,106,3.4434,0.150943,0
1025,2.80822,340,0.931507,106,3.20755,0.150943,0
1026,2.81096,370,1.0137,106,3.49057,0.150943,0
1027,2.8137,340,0.931507,106,3.20755,0.150943,0
1028,2.81644,370,1.0137,106,3.49057,0.150943,0
1029,2.81918,335,0.917808,106,3.16038,0.150943,0
1030,2.82192,350,0.958904,106,3.30189,0.150943,0
1031,2.82466,335,0.917808,106,3.16038,0.150943,0
1032,2.8274,350,0.958904,106,3.30189,0.150943,0
1033,2.83014,350,0.958904,106,3.30189,0.150943,0
1034,2.83288,350,0.958904,106,3.30189,0.150943,0
1035,2.83562,380,1.0411,106,3.58491,0.150943,0
1036,2.83836,325,0.890411,106,3.06604,0.150943,0
1037,2.8411,385,1.05479,106,3.63208,0.150943,0
1038,2.84384,325,0.890411,106,3.06604,0.150943,0
1039,2.84658,360,0.986301,106,3.39623,0.150943,0
1040,2.84932,340,0.931507,106,3.20755,0.150943,0
1041,2.85205,345,0.945205,106,3.25472,0.150943,0
1042,2.85479,380,1.0411,106,3.58491,0.150943,0
1043,2.85753,365,1,106,3.4434,0.150943,0
1044,2.86027,365,1,106,3.4434,0.150943,0
1045,2.86301,355,0.972603,106,3.34906,0.150943,0
1046,2.86575,295,0.808219,106,2.78302,0.150943,0
1047,2.86849,420,1.15068,106,3.96226,0.150943,0
1048,2.87123,300,0.821918,107,2.80374,0.158879,0
1049,2.87397,390,1.06849,107,3.64486,0.158879,0
1050,2.87671,355,0.972603,107,3.31776,0.158879,0
1051,2.87945,375,1.0274,107,3.50467,0.158879,0
1052,2.88219,330,0.90411,107,3.08411,0.158879,0
1053,2.88493,360,0.986301,107,3.36449,0.158879,0
1054,2.88767,340,0.931507,107,3.17757,0.158879,0
1055,2.89041,335,0.917808,107,3.13084,0.158879,0
1056,2.89315,390,1.06849,107,3.64486,0.158879,0
1057,2.89589,345,0.945205,107,3.2243,0.158879,0
1058,2.89863,350,0.958904,107,3.27103,0.158879,0
1059,2.90137,340,0.931507,107,3.17757,0.158879,0
1060,2.90411,350,0.958904,107,3.27103,0.158879,0
1061,2.90685,345,0.945205,107,3.2243,0.158879,0
1062,2.90959,340,0.931507,107,3.17757,0.158879,0
1063,2.91233,365,1,107,3.41121,0.158879,0
1064,2.91507,350,0.958904,107,3.27103,0.158879,0
1065,2.91781,365,1,107,3.41121,0.158879,0
1066,2.92055,355,0.972603,107,3.31776,0.158879,0
1067,2.92329,360,0.986301,107,3.36449,0.158879,0
1068,2.92603,350,0.958904,107,3.27103,0.158879,0
1069,2.92877,360,0.986301,107,3.36449,0.158879,0
1070,2.93151,315,0.863014,107,2.94393,0.158879,0
1071,2.93425,360,0.986301,107,3.36449,0.158879,0
1072,2.93699,320,0.876712,107,2.99065,0.158879,0
1073,2.93973,350,0.958904,107,3.27103,0.158879,0
1074,2.94247,345,0.945205,107,3.2243,0.158879,0
1075,2.94521,350,0.958904,107,3.27103,0.158879,0
1076,2.94795,370,1.0137,107,3.45794,0.158879,0
1077,2.95068,315,0.863014,107,2.94393,0.158879,0
1078,2.95342,375,1.0274,107,3.50467,0.158879,0
1079,2.95616,315,0.863014,107,2.94393,0.158879,0
1080,2.9589,395,1.08219,107,3.69159,0.158879,0
1081,2.96164,310,0.849315,107,2.8972,0.158879,0
1082,2.96438,360,0.986301,107,3.36449,0.158879,0
1083,2.96712,355,0.972603,107,3.31776,0.158879,0
1084,2.96986,330,0.90411,107,3.08411,0.158879,0
1085,2.9726,350,0.958904,107,3.27103,0.158879,0
1086,2.97534,345,0.945205,107,3.2243,0.158879,0
1087,2.97808,350,0.958904,107,3.27103,0.158879,0
1088,2.98082,360,0.986301,107,3.36449,0.158879,0
1089,2.98356,340,0.931507,107,3.17757,0.158879,0
1090,2.9863,360,0.986301,107,3.36449,0.158879,0
1091,2.98904,375,1.0274,107,3.50467,0.158879,0
1092,2.99178,315,0.863014,107,2.94393,0.158879,0
1093,2.99452,385,1.05479,107,3.59813,0.158879,0
1094,2.99726,345,0.945205,107,3.2243,0.158879,0
1095,3,345,0.945205,107,3.2243,0.158879,0
1096,3.00274,375,1.0274,107,3.50467,0.158879,0
1097,3.00548,375,1.0274,107,3.50467,0.158879,0
1098,3.00822,360,0.986301,107,3.36449,0.158879,0
1099,3.01096,355,0.972603,107,3.31776,0.158879,0
1100,3.0137,375,1.0274,107,3.50467,0.158879,0
1101,3.01644,345,0.945205,107,3.2243,0.158879,0
1102,3.01918,355,0.972603,107,3.31776,0.158879,0
1103,3.02192,350,0.958904,107,3.27103,0.158879,0
1104,3.02466,380,1.0411,107,3.5514,0.158879,0
1105,3.0274,360,0.986301,107,3.36449,0.158879,0
1106,3.03014,330,0.90411,107,3.08411,0.158879,0
1107,3.03288,355,0.972603,107,3.31776,0.158879,0
1108,3.03562,365,1,107,3.41121,0.158879,0
1109,3.03836,340,0.931507,107,3.17757,0.158879,0
1110,3.0411,385,1.05479,107,3.59813,0.158879,0
1111,3.04384,380,1.0411,107,3.5514,0.158879,0
1112,3.04658,345,0.945205,107,3.2243,0.158879,0
1113,3.04932,350,0.958904,107,3.27103,0.158879,0
1114,3.05205,385,1.05479,107,3.59813,0.158879,0
1115,3.05479,340,0.931507,107,3.17757,0.158879,0
1116,3.05753,355,0.972603,107,3.31776,0.158879,0
1117,3.06027,315,0.863014,107,2.94393,0.158879,0
1118,3.06301,400,1.09589,107,3.73832,0.158879,0
1119,3.06575,325,0.890411,107,3.03738,0.158879,0
1120,3.06849,375,1.0274,107,3.50467,0.158879,0
1121,3.07123,360,0.986301,107,3.36449,0.158879,0
1122,3.07397,350,0.958904,107,3.27103,0.158879,0
1123,3.07671,375,1.0274,107,3.50467,0.158879,0
1124,3.07945,340,0.931507,107,3.17757,0.158879,0
1125,3.08219,370,1.0137,107,3.45794,0.158879,0
1126,3.08493,340,0.931507,107,3.17757,0.158879,0
1127,3.08767,365,1,107,3.41121,0.158879,0
1128,3.09041,350,0.958904,107,3.27103,0.158879,0
1129,3.09315,345,0.945205,107,3.2243,0.158879,0
1130,3.09589,335,0.917808,107,3.13084,0.158879,0
1131,3.09863,375,1.0274,107,3.50467,0.158879,0
1132,3.10137,355,0.972603,107,3.31776,0.158879,0
1133,3.10411,380,1.0411,107,3.5514,0.158879,0
1134,3.10685,375,1.0274,107,3.50467,0.158879,0
1135,3.10959,370,1.0137,107,3.45794,0.158879,0
1136,3.11233,370,1.0137,107,3.45794,0.158879,0
1137,3.11507,355,0.972603,107,3.31776,0.158879,0
1138,3.11781,335,0.917808,107,3.13084,0.158879,0
1139,3.12055,420,1.15068,107,3.92523,0.158879,0
1140,3.12329,320,0.876712,107,2.99065,0.158879,0
1141,3.12603,350,0.958904,107,3.27103,0.158879,0
1142,3.12877,380,1.0411,107,3.5514,0.158879,0
1143,3.13151,335,0.917808,107,3.13084,0.158879,0
1144,3.13425,380,1.0411,107,3.5514,0.158879,0
1145,3.13699,320,0.876712,107,2.99065,0.158879,0
1146,3.13973,355,0.972603,107,3.31776,0.158879,0
1147,3.14247,355,0.972603,107,3.31776,0.158879,0
1148,3.14521,340,0.931507,107,3.17757,0.158879,0
1149,3.14795,370,1.0137,107,3.45794,0.158879,0
1150,3.15068,370,1.0137,107,3.45794,0.158879,0
1151,3.15342,360,0.986301,107,3.36449,0.158879,0
1152,3.15616,365,1,107,3.41121,0.158879,0
1153,3.1589,345,0.945205,107,3.2243,0.158879,0
1154,3.16164,360,0.986301,107,3.36449,0.158879,0
1155,3.16438,315,0.863014,107,2.94393,0.158879,0
1156,3.16712,385,1.05479,107,3.59813,0.158879,0
1157,3.16986,370,1.0137,108,3.42593,0.166667,0
1158,3.1726,340,0.931507,108,3.14815,0.166667,0
1159,3.17534,385,1.05479,108,3.56481,0.166667,0
1160,3.17808,335,0.917808,108,3.10185,0.166667,0
1161,3.18082,370,1.0137,108,3.42593,0.166667,0
1162,3.18356,355,0.972603,108,3.28704,0.166667,0
1163,3.1863,360,0.986301,108,3.33333,0.166667,0
1164,3.18904,295,0.808219,108,2.73148,0.166667,0
1165,3.19178,380,1.0411,108,3.51852,0.166667,0
1166,3.19452,360,0.986301,108,3.33333,0.166667,0
1167,3.19726,335,0.917808,108,3.10185,0.166667,0
1168,3.2,370,1.0137,108,3.42593,0.166667,0
1169,3.20274,380,1.0411,108,3.51852,0.166667,0
1170,3.20548,365,1,108,3.37963,0.166667,0
1171,3.20822,305,0.835616,108,2.82407,0.166667,0
1172,3.21096,425,1.16438,108,3.93519,0.166667,0
1173,3.2137,335,0.917808,108,3.10185,0.166667,0
1174,3.21644,385,1.05479,108,3.56481,0.166667,0
1175,3.21918,370,1.0137,108,3.42593,0.166667,0
1176,3.22192,385,1.05479,108,3.56481,0.166667,0
1177,3.22466,345,0.945205,108,3.19444,0.166667,0
1178,3.2274,385,1.05479,108,3.56481,0.166667,0
1179,3.23014,355,0.972603,108,3.28704,0.166667,0
1180,3.23288,350,0.958904,108,3.24074,0.166667,0
1181,3.23562,385,1.05479,108,3.56481,0.166667,0
1182,3.23836,370,1.0137,108,3.42593,0.166667,0
1183,3.2411,355,0.972603,108,3.28704,0.166667,0
1184,3.24384,370,1.0137,108,3.42593,0.166667,0
1185,3.24658,325,0.890411,108,3.00926,0.166667,0
1186,3.24932,385,1.05479,108,3.56481,0.166667,0
1187,3.25205,360,0.986301,108,3.33333,0.166667,0
1188,3.25479,340,0.931507,108,3.14815,0.166667,0
1189,3.25753,370,1.0137,108,3.42593,0.166667,0
1190,3.26027,330,0.90411,108,3.05556,0.166667,0
1191,3.26301,375,1.0274,108,3.47222,0.166667,0
1192,3.26575,375,1.0274,108,3.47222,0.166667,0
1193,3.26849,370,1.0137,108,3.42593,0.166667,0
1194,3.27123,375,1.0274,108,3.47222,0.166667,0
1195,3.27397,390,1.06849,108,3.61111,0.166667,0
1196,3.27671,355,0.972603,108,3.28704,0.166667,0
1197,3.27945,380,1.0411,108,3.51852,0.166667,0
1198,3.28219,350,0.958904,108,3.24074,0.166667,0
1199,3.28493,355,0.972603,108,3.28704,0.166667,0
1200,3.28767,345,0.945205,108,3.19444,0.166667,0
1201,3.29041,395,1.08219,108,3.65741,0.166667,0
1202,3.29315,290,0.794521,108,2.68519,0.166667,0
1203,3.29589,365,1,108,3.37963,0.166667,0
1204,3.29863,345,0.945205,108,3.19444,0.166667,0
1205,3.30137,360,0.986301,108,3.33333,0.166667,0
1206,3.30411,365,1,108,3.37963,0.166667,0
1207,3.30685,375,1.0274,108,3.47222,0.166667,0
1208,3.30959,380,1.0411,108,3.51852,0.166667,0
1209,3.31233,375,1.0274,108,3.47222,0.166667,0
1210,3.31507,360,0.986301,108,3.33333,0.166667,0
1211,3.31781,375,1.0274,108,3.47222,0.166667,0
1212,3.32055,335,0.917808,108,3.10185,0.166667,0
1213,3.32329,370,1.0137,108,3.42593,0.166667,0
1214,3.32603,345,0.945205,108,3.19444,0.166667,0
1215,3.32877,345,0.945205,108,3.19444,0.166667,0
1216,3.33151,355,0.972603,108,3.28704,0.166667,0
1217,3.33425,370,1.0137,108,3.42593,0.166667,0
1218,3.33699,395,1.08219,108,3.65741,0.166667,0
1219,3.33973,345,0.945205,108,3.19444,0.166667,0
1220,3.34247,345,0.945205,108,3.19444,0.166667,0
1221,3.34521,360,0.986301,108,3.33333,0.166667,0
1222,3.34795,360,0.986301,108,3.33333,0.166667,0
1223,3.35068,370,1.0137,108,3.42593,0.166667,0
1224,3.35342,390,1.06849,108,3.61111,0.166667,0
1225,3.35616,350,0.958904,108,3.24074,0.166667,0
1226,3.3589,350,0.958904,108,3.24074,0.166667,0
1227,3.36164,365,1,108,3.37963,0.166667,0
1228,3.36438,380,1.0411,108,3.51852,0.166667,0
1229,3.36712,365,1,108,3.37963,0.166667,0
1230,3.36986,340,0.931507,108,3.14815,0.166667,0
1231,3.3726,370,1.0137,108,3.42593,0.166667,0
1232,3.37534,375,1.0274,108,3.47222,0.166667,0
1233,3.37808,375,1.0274,108,3.47222,0.166667,0
1234,3.38082,310,0.849315,108,2.87037,0.166667,0
1235,3.38356,375,1.0274,108,3.47222,0.166667,0
1236,3.3863,355,0.972603,108,3.28704,0.166667,0
1237,3.38904,380,1.0411,108,3.51852,0.166667,0
1238,3.39178,320,0.876712,108,2.96296,0.166667,0
1239,3.39452,395,1.08219,108,3.65741,0.166667,0
1240,3.39726,350,0.958904,108,3.24074,0.166667,0
1241,3.4,360,0.986301,108,3.33333,0.166667,0
1242,3.40274,340,0.931507,108,3.14815,0.166667,0
1243,3.40548,350,0.958904,108,3.24074,0.166667,0
1244,3.40822,385,1.05479,108,3.56481,0.166667,0
1245,3.41096,350,0.958904,108,3.24074,0.166667,0
1246,3.4137,365,1,108,3.37963,0.166667,0
1247,3.41644,370,1.0137,108,3.42593,0.166667,0
1248,3.41918,355,0.972603,108,3.28704,0.166667,0
1249,3.42192,360,0.986301,108,3.33333,0.166667,0
1250,3.42466,380,1.0411,108,3.51852,0.166667,0
1251,3.4274,355,0.972603,108,3.28704,0.166667,0
1252,3.43014,355,0.972603,108,3.28704,0.166667,0
1253,3.43288,385,1.05479,108,3.56481,0.166667,0
1254,3.43562,335,0.917808,108,3.10185,0.166667,0
1255,3.43836,405,1.10959,108,3.75,0.166667,0
1256,3.4411,345,0.945205,108,3.19444,0.166667,0
1257,3.44384,355,0.972603,108,3.28704,0.166667,0
1258,3.44658,375,1.0274,108,3.47222,0.166667,0
1259,3.44932,365,1,108,3.37963,0.166667,0
1260,3.45205,365,1,108,3.37963,0.166667,0
1261,3.45479,345,0.945205,108,3.19444,0.166667,0
1262,3.45753,370,1.0137,108,3.42593,0.166667,0
1263,3.46027,340,0.931507,108,3.14815,0.166667,0
1264,3.46301,350,0.958904,108,3.24074,0.166667,0
1265,3.46575,375,1.0274,108,3.47222,0.166667,0
1266,3.46849,370,1.0137,108,3.42593,0.166667,0
1267,3.47123,400,1.09589,108,3.7037,0.166667,0
1268,3.47397,345,0.945205,108,3.19444,0.166667,0
1269,3.47671,360,0.986301,108,3.33333,0.166667,0
1270,3.47945,360,0.986301,108,3.33333,0.166667,0
1271,3.48219,330,0.90411,108,3.05556,0.166667,0
1272,3.48493,365,1,108,3.37963,0.166667,0
1273,3.48767,370,1.0137,108,3.42593,0.166667,0
1274,3.49041,360,0.986301,108,3.33333,0.166667,0
1275,3.49315,375,1.0274,108,3.47222,0.166667,0
1276,3.49589,395,1.08219,108,3.65741,0.166667,0
1277,3.49863,370,1.0137,108,3.42593,0.166667,0
1278,3.50137,365,1,108,3.37963,0.166667,0
1279,3.50411,365,1,108,3.37963,0.166667,0
1280,3.50685,320,0.876712,108,2.96296,0.166667,0
1281,3.50959,365,1,108,3.37963,0.166667,0
1282,3.51233,395,1.08219,108,3.65741,0.166667,0
1283,3.51507,325,0.890411,108,3.00926,0.166667,0
1284,3.51781,375,1.0274,108,3.47222,0.166667,0
1285,3.52055,350,0.958904,108,3.24074,0.166667,0
1286,3.52329,330,0.90411,108,3.05556,0.166667,0
1287,3.52603,375,1.0274,108,3.47222,0.166667,0
1288,3.52877,370,1.0137,108,3.42593,0.166667,0
1289,3.53151,335,0.917808,108,3.10185,0.166667,0
1290,3.53425,395,1.08219,108,3.65741,0.166667,0
1291,3.53699,380,1.0411,108,3.51852,0.166667,0
1292,3.53973,350,0.958904,108,3.24074,0.166667,0
1293,3.54247,360,0.986301,108,3.33333,0.166667,0
1294,3.54521,345,0.945205,108,3.19444,0.166667,0
1295,3.54795,325,0.890411,108,3.00926,0.166667,0
1296,3.55068,380,1.0411,108,3.51852,0.166667,0
1297,3.55342,350,0.958904,108,3.24074,0.166667,0
1298,3.55616,370,1.0137,108,3.42593,0.166667,0
1299,3.5589,340,0.931507,108,3.14815,0.166667,0
1300,3.56164,375,1.0274,108,3.47222,0.166667,0
1301,3.56438,330,0.90411,108,3.05556,0.166667,0
1302,3.56712,375,1.0274,108,3.47222,0.166667,0
1303,3.56986,360,0.986301,108,3.33333,0.166667,0
1304,3.5726,340,0.931507,108,3.14815,0.166667,0
1305,3.57534,365,1,108,3.37963,0.166667,0
1306,3.57808,385,1.05479,108,3.56481,0.166667,0
1307,3.58082,375,1.0274,108,3.47222,0.166667,0
1308,3.58356,375,1.0274,108,3.47222,0.166667,0
1309,3.5863,335,0.917808,108,3.10185,0.166667,0
1310,3.58904,370,1.0137,108,3.42593,0.166667,0
1311,3.59178,375,1.0274,108,3.47222,0.166667,0
1312,3.59452,340,0.931507,108,3.14815,0.166667,0
1313,3.59726,350,0.958904,108,3.24074,0.166667,0
1314,3.6,340,0.931507,108,3.14815,0.166667,0
1315,3.60274,370,1.0137,108,3.42593,0.166667,0
1316,3.60548,330,0.90411,108,3.05556,0.166667,0
1317,3.60822,400,1.09589,108,3.7037,0.166667,0
1318,3.61096,305,0.835616,108,2.82407,0.166667,0
1319,3.6137,375,1.0274,108,3.47222,0.166667,0
1320,3.61644,315,0.863014,108,2.91667,0.166667,0
1321,3.61918,350,0.958904,108,3.24074,0.166667,0
1322,3.62192,350,0.958904,108,3.24074,0.166667,0
1323,3.62466,355,0.972603,108,3.28704,0.166667,0
1324,3.6274,345,0.945205,108,3.19444,0.166667,0
1325,3.63014,375,1.0274,108,3.47222,0.166667,0
1326,3.63288,355,0.972603,108,3.28704,0.166667,0
1327,3.63562,360,0.986301,108,3.33333,0.166667,0
1328,3.63836,335,0.917808,108,3.10185,0.166667,0
1329,3.6411,395,1.08219,108,3.65741,0.166667,0
1330,3.64384,340,0.931507,108,3.14815,0.166667,0
1331,3.64658,365,1,108,3.37963,0.166667,0
1332,3.64932,350,0.958904,108,3.24074,0.166667,0
1333,3.65205,360,0.986301,108,3.33333,0.166667,0
1334,3.65479,340,0.931507,108,3.14815,0.166667,0
1335,3.65753,370,1.0137,108,3.42593,0.166667,0
1336,3.66027,365,1,108,3.37963,0.166667,0
1337,3.66301,345,0.945205,108,3.19444,0.166667,0
1338,3.66575,335,0.917808,108,3.10185,0.166667,0
1339,3.66849,380,1.0411,108,3.51852,0.166667,0
1340,3.67123,345,0.945205,108,3.19444,0.166667,0
1341,3.67397,375,1.0274,108,3.47222,0.166667,0
1342,3.67671,350,0.958904,108,3.24074,0.166667,0
1343,3.67945,390,1.06849,108,3.61111,0.166667,0
1344,3.68219,350,0.958904,108,3.24074,0.166667,0
1345,3.68493,355,0.972603,108,3.28704,0.166667,0
1346,3.68767,390,1.06849,108,3.61111,0.166667,0
1347,3.69041,370,1.0137,108,3.42593,0.166667,0
1348,3.69315,355,0.972603,108,3.28704,0.166667,0
1349,3.69589,365,1,108,3.37963,0.166667,0
1350,3.69863,335,0.917808,108,3.10185,0.166667,0
1351,3.70137,390,1.06849,108,3.61111,0.166667,0
1352,3.70411,320,0.876712,108,2.96296,0.166667,0
1353,3.70685,355,0.972603,108,3.28704,0.166667,0
1354,3.70959,375,1.0274,108,3.47222,0.166667,0
1355,3.71233,340,0.931507,108,3.14815,0.166667,0
1356,3.71507,365,1,108,3.37963,0.166667,0
1357,3.71781,380,1.0411,108,3.51852,0.166667,0
1358,3.72055,325,0.890411,108,3.00926,0.166667,0
1359,3.72329,365,1,108,3.37963,0.166667,0
1360,3.72603,390,1.06849,108,3.61111,0.166667,0
1361,3.72877,370,1.0137,108,3.42593,0.166667,0
1362,3.73151,380,1.0411,108,3.51852,0.166667,0
1363,3.73425,320,0.876712,108,2.96296,0.166667,0
1364,3.73699,380,1.0411,108,3.51852,0.166667,0
1365,3.73973,340,0.931507,108,3.14815,0.166667,0
1366,3.74247,355,0.972603,108,3.28704,0.166667,0
1367,3.74521,355,0.972603,109,3.25688,0.174312,0
1368,3.74795,390,1.06849,109,3.57798,0.174312,0
1369,3.75068,350,0.958904,109,3.21101,0.174312,0
1370,3.75342,385,1.05479,109,3.53211,0.174312,0
1371,3.75616,365,1,109,3.34862,0.174312,0
1372,3.7589,395,1.08219,109,3.62385,0.174312,0
1373,3.76164,340,0.931507,109,3.11927,0.174312,0
1374,3.76438,370,1.0137,109,3.3945,0.174312,0
1375,3.76712,365,1,109,3.34862,0.174312,0
1376,3.76986,345,0.945205,109,3.16514,0.174312,0
1377,3.7726,380,1.0411,110,3.45455,0.181818,0
1378,3.77534,355,0.972603,110,3.22727,0.181818,0
1379,3.77808,380,1.0411,110,3.45455,0.181818,0
1380,3.78082,380,1.0411,110,3.45455,0.181818,0
1381,3.78356,345,0.945205,110,3.13636,0.181818,0
1382,3.7863,405,1.10959,110,3.68182,0.181818,0
1383,3.78904,360,0.986301,110,3.27273,0.181818,0
1384,3.79178,370,1.0137,110,3.36364,0.181818,0
1385,3.79452,330,0.90411,110,3,0.181818,0
1386,3.79726,380,1.0411,110,3.45455,0.181818,0
1387,3.8,375,1.0274,111,3.37838,0.189189,0
1388,3.80274,350,0.958904,111,3.15315,0.189189,0
1389,3.80548,405,1.10959,111,3.64865,0.189189,0
1390,3.80822,325,0.890411,111,2.92793,0.189189,0
1391,3.81096,435,1.19178,111,3.91892,0.189189,0
1392,3.8137,315,0.863014,111,2.83784,0.189189,0
1393,3.81644,425,1.16438,111,3.82883,0.189189,0
1394,3.81918,345,0.945205,111,3.10811,0.189189,0
1395,3.82192,420,1.15068,111,3.78378,0.189189,0
1396,3.82466,340,0.931507,111,3.06306,0.189189,0
1397,3.8274,365,1,111,3.28829,0.189189,0
1398,3.83014,400,1.09589,111,3.6036,0.189189,0
1399,3.83288,385,1.05479,111,3.46847,0.189189,0
1400,3.83562,380,1.0411,111,3.42342,0.189189,0
1401,3.83836,350,0.958904,111,3.15315,0.189189,0
1402,3.8411,365,1,111,3.28829,0.189189,0
1403,3.84384,365,1,111,3.28829,0.189189,0
1404,3.84658,355,0.972603,111,3.1982,0.189189,0
1405,3.84932,385,1.05479,111,3.46847,0.189189,0
1406,3.85205,375,1.0274,111,3.37838,0.189189,0
1407,3.85479,385,1.05479,111,3.46847,0.189189,0
1408,3.85753,365,1,111,3.28829,0.189189,0
1409,3.86027,370,1.0137,111,3.33333,0.189189,0
1410,3.86301,345,0.945205,111,3.10811,0.189189,0
1411,3.86575,355,0.972603,111,3.1982,0.189189,0
1412,3.86849,395,1.08219,111,3.55856,0.189189,0
1413,3.87123,370,1.0137,111,3.33333,0.189189,0
1414,3.87397,360,0.986301,111,3.24324,0.189189,0
1415,3.87671,400,1.09589,111,3.6036,0.189189,0
1416,3.87945,395,1.08219,111,3.55856,0.189189,0
1417,3.88219,330,0.90411,111,2.97297,0.189189,0
1418,3.88493,375,1.0274,111,3.37838,0.189189,0
1419,3.88767,360,0.986301,111,3.24324,0.189189,0
1420,3.89041,360,0.986301,111,3.24324,0.189189,0
1421,3.89315,405,1.10959,111,3.64865,0.189189,0
1422,3.89589,355,0.972603,111,3.1982,0.189189,0
1423,3.89863,360,0.986301,111,3.24324,0.189189,0
1424,3.90137,390,1.06849,111,3.51351,0.189189,0
1425,3.90411,375,1.0274,111,3.37838,0.189189,0
1426,3.90685,345,0.945205,111,3.10811,0.189189,0
1427,3.90959,380,1.0411,111,3.42342,0.189189,0
1428,3.91233,375,1.0274,111,3.37838,0.189189,0
1429,3.91507,365,1,111,3.28829,0.189189,0
1430,3.91781,350,0.958904,111,3.15315,0.189189,0
1431,3.92055,400,1.09589,111,3.6036,0.189189,0
1432,3.92329,395,1.08219,111,3.55856,0.189189,0
1433,3.92603,365,1,111,3.28829,0.189189,0
1434,3.92877,360,0.986301,111,3.24324,0.189189,0
1435,3.93151,405,1.10959,111,3.64865,0.189189,0
1436,3.93425,320,0.876712,111,2.88288,0.189189,0
1437,3.93699,405,1.10959,111,3.64865,0.189189,0
1438,3.93973,320,0.876712,111,2.88288,0.189189,0
1439,3.94247,395,1.08219,111,3.55856,0.189189,0
1440,3.94521,330,0.90411,111,2.97297,0.189189,0
1441,3.94795,400,1.09589,111,3.6036,0.189189,0
1442,3.95068,355,0.972603,111,3.1982,0.189189,0
1443,3.95342,385,1.05479,111,3.46847,0.189189,0
1444,3.95616,345,0.945205,111,3.10811,0.189189,0
1445,3.9589,380,1.0411,111,3.42342,0.189189,0
1446,3.96164,370,1.0137,111,3.33333,0.189189,0
1447,3.96438,375,1.0274,111,3.37838,0.189189,0
1448,3.96712,370,1.0137,111,3.33333,0.189189,0
1449,3.96986,355,0.972603,111,3.1982,0.189189,0
1450,3.9726,385,1.05479,111,3.46847,0.189189,0
1451,3.97534,360,0.986301,111,3.24324,0.189189,0
1452,3.97808,365,1,111,3.28829,0.189189,0
1453,3.98082,380,1.0411,111,3.42342,0.189189,0
1454,3.98356,340,0.931507,111,3.06306,0.189189,0
1455,3.9863,375,1.0274,111,3.37838,0.189189,0
1456,3.98904,375,1.0274,111,3.37838,0.189189,0
1457,3.99178,395,1.08219,111,3.55856,0.189189,0
1458,3.99452,350,0.958904,111,3.15315,0.189189,0
1459,3.99726,375,1.0274,111,3.37838,0.189189,0
1460,4,375,1.0274,111,3.37838,0.189189,0
1461,4.00274,370,1.0137,111,3.33333,0.189189,0
1462,4.00548,370,1.0137,111,3.33333,0.189189,0
1463,4.00822,375,1.0274,111,3.37838,0.189189,0
1464,4.01096,340,0.931507,111,3.06306,0.189189,0
1465,4.0137,405,1.10959,111,3.64865,0.189189,0
1466,4.01644,320,0.876712,111,2.88288,0.189189,0
1467,4.01918,410,1.12329,111,3.69369,0.189189,0
1468,4.02192,380,1.0411,111,3.42342,0.189189,0
1469,4.02466,385,1.05479,111,3.46847,0.189189,0
1470,4.0274,390,1.06849,111,3.51351,0.189189,0
1471,4.03014,340,0.931507,111,3.06306,0.189189,0
1472,4.03288,395,1.08219,111,3.55856,0.189189,0
1473,4.03562,355,0.972603,111,3.1982,0.189189,0
1474,4.03836,400,1.09589,111,3.6036,0.189189,0
1475,4.0411,345,0.945205,111,3.10811,0.189189,0
1476,4.04384,375,1.0274,111,3.37838,0.189189,0
1477,4.04658,340,0.931507,111,3.06306,0.189189,0
1478,4.04932,425,1.16438,111,3.82883,0.189189,0
1479,4.05205,310,0.849315,111,2.79279,0.189189,0
1480,4.05479,395,1.08219,111,3.55856,0.189189,0
1481,4.05753,330,0.90411,111,2.97297,0.189189,0
1482,4.06027,405,1.10959,111,3.64865,0.189189,0
1483,4.06301,335,0.917808,111,3.01802,0.189189,0
1484,4.06575,385,1.05479,111,3.46847,0.189189,0
1485,4.06849,305,0.835616,111,2.74775,0.189189,0
1486,4.07123,385,1.05479,111,3.46847,0.189189,0
1487,4.07397,385,1.05479,111,3.46847,0.189189,0
1488,4.07671,375,1.0274,111,3.37838,0.189189,0
1489,4.07945,375,1.0274,111,3.37838,0.189189,0
1490,4.08219,390,1.06849,111,3.51351,0.189189,0
1491,4.08493,380,1.0411,111,3.42342,0.189189,0
1492,4.08767,355,0.972603,111,3.1982,0.189189,0
1493,4.09041,385,1.05479,111,3.46847,0.189189,0
1494,4.09315,375,1.0274,111,3.37838,0.189189,0
1495,4.09589,335,0.917808,111,3.01802,0.189189,0
1496,4.09863,360,0.986301,111,3.24324,0.189189,0
1497,4.10137,385,1.05479,111,3.46847,0.189189,0
1498,4.10411,355,0.972603,111,3.1982,0.189189,0
1499,4.10685,350,0.958904,111,3.15315,0.189189,0
1500,4.10959,365,1,111,3.28829,0.189189,0
1501,4.11233,395,1.08219,111,3.55856,0.189189,0
1502,4.11507,335,0.917808,111,3.01802,0.189189,0
1503,4.11781,390,1.06849,111,3.51351,0.189189,0
1504,4.12055,370,1.0137,111,3.33333,0.189189,0
1505,4.12329,365,1,111,3.28829,0.189189,0
1506,4.12603,350,0.958904,111,3.15315,0.189189,0
1507,4.12877,395,1.08219,111,3.55856,0.189189,0
1508,4.13151,385,1.05479,111,3.46847,0.189189,0
1509,4.13425,385,1.05479,111,3.46847,0.189189,0
1510,4.13699,360,0.986301,111,3.24324,0.189189,0
1511,4.13973,350,0.958904,111,3.15315,0.189189,0
1512,4.14247,385,1.05479,111,3.46847,0.189189,0
1513,4.14521,365,1,111,3.28829,0.189189,0
1514,4.14795,410,1.12329,111,3.69369,0.189189,0
1515,4.15068,375,1.0274,111,3.37838,0.189189,0
1516,4.15342,400,1.09589,111,3.6036,0.189189,0
1517,4.15616,320,0.876712,111,2.88288,0.189189,0
1518,4.1589,370,1.0137,111,3.33333,0.189189,0
1519,4.16164,350,0.958904,111,3.15315,0.189189,0
1520,4.16438,405,1.10959,111,3.64865,0.189189,0
1521,4.16712,380,1.0411,111,3.42342,0.189189,0
1522,4.16986,360,0.986301,111,3.24324,0.189189,0
1523,4.1726,395,1.08219,111,3.55856,0.189189,0
1524,4.17534,370,1.0137,111,3.33333,0.189189,0
1525,4.17808,370,1.0137,111,3.33333,0.189189,0
1526,4.18082,330,0.90411,111,2.97297,0.189189,0
1527,4.18356,380,1.0411,111,3.42342,0.189189,0
1528,4.1863,380,1.0411,111,3.42342,0.189189,0
1529,4.18904,330,0.90411,111,2.97297,0.189189,0
1530,4.19178,405,1.10959,111,3.64865,0.189189,0
1531,4.19452,330,0.90411,111,2.97297,0.189189,0
1532,4.19726,375,1.0274,111,3.37838,0.189189,0
1533,4.2,355,0.972603,111,3.1982,0.189189,0
1534,4.20274,400,1.09589,111,3.6036,0.189189,0
1535,4.20548,340,0.931507,111,3.06306,0.189189,0
1536,4.20822,375,1.0274,111,3.37838,0.189189,0
1537,4.21096,370,1.0137,111,3.33333,0.189189,0
1538,4.2137,370,1.0137,111,3.33333,0.189189,0
1539,4.21644,355,0.972603,111,3.1982,0.189189,0
1540,4.21918,355,0.972603,111,3.1982,0.189189,0
1541,4.22192,385,1.05479,111,3.46847,0.189189,0
1542,4.22466,350,0.958904,111,3.15315,0.189189,0
1543,4.2274,395,1.08219,111,3.55856,0.189189,0
1544,4.23014,320,0.876712,111,2.88288,0.189189,0
1545,4.23288,340,0.931507,111,3.06306,0.189189,0
1546,4.23562,375,1.0274,111,3.37838,0.189189,0
1547,4.23836,375,1.0274,111,3.37838,0.189189,0
1548,4.2411,380,1.0411,111,3.42342,0.189189,0
1549,4.24384,405,1.10959,111,3.64865,0.189189,0
1550,4.24658,360,0.986301,111,3.24324,0.189189,0
1551,4.24932,370,1.0137,111,3.33333,0.189189,0
1552,4.25205,355,0.972603,111,3.1982,0.189189,0
1553,4.25479,360,0.986301,111,3.24324,0.189189,0
1554,4.25753,375,1.0274,111,3.37838,0.189189,0
1555,4.26027,350,0.958904,111,3.15315,0.189189,0
1556,4.26301,395,1.08219,111,3.55856,0.189189,0
1557,4.26575,330,0.90411,111,2.97297,0.189189,0
1558,4.26849,405,1.10959,111,3.64865,0.189189,0
1559,4.27123,335,0.917808,111,3.01802,0.189189,0
1560,4.27397,385,1.05479,111,3.46847,0.189189,0
1561,4.27671,400,1.09589,111,3.6036,0.189189,0
1562,4.27945,375,1.0274,111,3.37838,0.189189,0
1563,4.28219,390,1.06849,111,3.51351,0.189189,0
1564,4.28493,360,0.986301,111,3.24324,0.189189,0
1565,4.28767,365,1,111,3.28829,0.189189,0
1566,4.29041,380,1.0411,111,3.42342,0.189189,0
1567,4.29315,350,0.958904,111,3.15315,0.189189,0
1568,4.29589,390,1.06849,111,3.51351,0.189189,0
1569,4.29863,375,1.0274,111,3.37838,0.189189,0
1570,4.30137,390,1.06849,111,3.51351,0.189189,0
1571,4.30411,320,0.876712,111,2.88288,0.189189,0
1572,4.30685,395,1.08219,111,3.55856,0.189189,0
1573,4.30959,355,0.972603,111,3.1982,0.189189,0
1574,4.31233,370,1.0137,111,3.33333,0.189189,0
1575,4.31507,365,1,111,3.28829,0.189189,0
1576,4.31781,430,1.17808,111,3.87387,0.189189,0
1577,4.32055,360,0.986301,111,3.24324,0.189189,0
1578,4.32329,375,1.0274,111,3.37838,0.189189,0
1579,4.32603,350,0.958904,111,3.15315,0.189189,0
1580,4.32877,380,1.0411,111,3.42342,0.189189,0
1581,4.33151,380,1.0411,111,3.42342,0.189189,0
1582,4.33425,385,1.05479,111,3.46847,0.189189,0
1583,4.33699,340,0.931507,111,3.06306,0.189189,0
1584,4.33973,380,1.0411,111,3.42342,0.189189,0
1585,4.34247,365,1,111,3.28829,0.189189,0
1586,4.34521,425,1.16438,111,3.82883,0.189189,0
1587,4.34795,375,1.0274,111,3.37838,0.189189,0
1588,4.35068,360,0.986301,111,3.24324,0.189189,0
1589,4.35342,405,1.10959,111,3.64865,0.189189,0
1590,4.35616,340,0.931507,111,3.06306,0.189189,0
1591,4.3589,405,1.10959,111,3.64865,0.189189,0
1592,4.36164,340,0.931507,111,3.06306,0.189189,0
1593,4.36438,385,1.05479,111,3.46847,0.189189,0
1594,4.36712,345,0.945205,111,3.10811,0.189189,0
1595,4.36986,380,1.0411,111,3.42342,0.189189,0
1596,4.3726,350,0.958904,111,3.15315,0.189189,0
1597,4.37534,355,0.972603,111,3.1982,0.189189,0
1598,4.37808,350,0.958904,111,3.15315,0.189189,0
1599,4.38082,375,1.0274,111,3.37838,0.189189,0
1600,4.38356,360,0.986301,111,3.24324,0.189189,0
1601,4.3863,375,1.0274,111,3.37838,0.189189,0
1602,4.38904,365,1,111,3.28829,0.189189,0
1603,4.39178,365,1,111,3.28829,0.189189,0
1604,4.39452,360,0.986301,111,3.24324,0.189189,0
1605,4.39726,355,0.972603,111,3.1982,0.189189,0
1606,4.4,405,1.10959,111,3.64865,0.189189,0
1607,4.40274,380,1.0411,111,3.42342,0.189189,0
1608,4.40548,370,1.0137,111,3.33333,0.189189,0
1609,4.40822,390,1.06849,111,3.51351,0.189189,0
1610,4.41096,325,0.890411,111,2.92793,0.189189,0
1611,4.4137,405,1.10959,111,3.64865,0.189189,0
1612,4.41644,375,1.0274,111,3.37838,0.189189,0
1613,4.41918,370,1.0137,111,3.33333,0.189189,0
1614,4.42192,375,1.0274,111,3.37838,0.189189,0
1615,4.42466,375,1.0274,111,3.37838,0.189189,0
1616,4.4274,350,0.958904,111,3.15315,0.189189,0
1617,4.43014,370,1.0137,111,3.33333,0.189189,0
1618,4.43288,355,0.972603,111,3.1982,0.189189,0
1619,4.43562,390,1.06849,112,3.48214,0.196429,0
1620,4.43836,375,1.0274,112,3.34821,0.196429,0
1621,4.4411,335,0.917808,112,2.99107,0.196429,0
1622,4.44384,430,1.17808,112,3.83929,0.196429,0
1623,4.44658,340,0.931507,112,3.03571,0.196429,0
1624,4.44932,420,1.15068,112,3.75,0.196429,0
1625,4.45205,355,0.972603,112,3.16964,0.196429,0
1626,4.45479,360,0.986301,112,3.21429,0.196429,0
1627,4.45753,340,0.931507,112,3.03571,0.196429,0
1628,4.46027,405,1.10959,112,3.61607,0.196429,0
1629,4.46301,350,0.958904,112,3.125,0.196429,0
1630,4.46575,370,1.0137,112,3.30357,0.196429,0
1631,4.46849,355,0.972603,112,3.16964,0.196429,0
1632,4.47123,365,1,112,3.25893,0.196429,0
1633,4.47397,400,1.09589,112,3.57143,0.196429,0
1634,4.47671,360,0.986301,112,3.21429,0.196429,0
1635,4.47945,390,1.06849,112,3.48214,0.196429,0
1636,4.48219,395,1.08219,112,3.52679,0.196429,0
1637,4.48493,410,1.12329,112,3.66071,0.196429,0
1638,4.48767,330,0.90411,112,2.94643,0.196429,0
1639,4.49041,395,1.08219,112,3.52679,0.196429,0
1640,4.49315,385,1.05479,112,3.4375,0.196429,0
1641,4.49589,345,0.945205,112,3.08036,0.196429,0
1642,4.49863,385,1.05479,112,3.4375,0.196429,0
1643,4.50137,345,0.945205,112,3.08036,0.196429,0
1644,4.50411,405,1.10959,112,3.61607,0.196429,0
1645,4.50685,400,1.09589,112,3.57143,0.196429,0
1646,4.50959,375,1.0274,112,3.34821,0.196429,0
1647,4.51233,355,0.972603,112,3.16964,0.196429,0
1648,4.51507,385,1.05479,112,3.4375,0.196429,0
1649,4.51781,325,0.890411,112,2.90179,0.196429,0
1650,4.52055,390,1.06849,112,3.48214,0.196429,0
1651,4.52329,345,0.945205,112,3.08036,0.196429,0
1652,4.52603,425,1.16438,112,3.79464,0.196429,0
1653,4.52877,395,1.08219,112,3.52679,0.196429,0
1654,4.53151,385,1.05479,112,3.4375,0.196429,0
1655,4.53425,370,1.0137,112,3.30357,0.196429,0
1656,4.53699,390,1.06849,112,3.48214,0.196429,0
1657,4.53973,400,1.09589,112,3.57143,0.196429,0
1658,4.54247,355,0.972603,112,3.16964,0.196429,0
1659,4.54521,395,1.08219,112,3.52679,0.196429,0
1660,4.54795,370,1.0137,113,3.27434,0.20354,0
1661,4.55068,365,1,113,3.23009,0.20354,0
1662,4.55342,365,1,113,3.23009,0.20354,0
1663,4.55616,365,1,113,3.23009,0.20354,0
1664,4.5589,355,0.972603,113,3.14159,0.20354,0
1665,4.56164,405,1.10959,113,3.58407,0.20354,0
1666,4.56438,355,0.972603,113,3.14159,0.20354,0
1667,4.56712,395,1.08219,113,3.49558,0.20354,0
1668,4.56986,340,0.931507,113,3.00885,0.20354,0
1669,4.5726,390,1.06849,113,3.45133,0.20354,0
1670,4.57534,370,1.0137,113,3.27434,0.20354,0
1671,4.57808,370,1.0137,113,3.27434,0.20354,0
1672,4.58082,400,1.09589,113,3.53982,0.20354,0
1673,4.58356,380,1.0411,113,3.36283,0.20354,0
1674,4.5863,395,1.08219,113,3.49558,0.20354,0
1675,4.58904,395,1.08219,113,3.49558,0.20354,0
1676,4.59178,365,1,113,3.23009,0.20354,0
1677,4.59452,390,1.06849,113,3.45133,0.20354,0
1678,4.59726,390,1.06849,113,3.45133,0.20354,0
1679,4.6,415,1.13699,113,3.67257,0.20354,0
1680,4.60274,340,0.931507,113,3.00885,0.20354,0
1681,4.60548,405,1.10959,113,3.58407,0.20354,0
1682,4.60822,380,1.0411,113,3.36283,0.20354,0
1683,4.61096,385,1.05479,114,3.37719,0.210526,0
1684,4.6137,325,0.890411,114,2.85088,0.210526,0
1685,4.61644,400,1.09589,114,3.50877,0.210526,0
1686,4.61918,385,1.05479,114,3.37719,0.210526,0
1687,4.62192,375,1.0274,114,3.28947,0.210526,0
1688,4.62466,350,0.958904,114,3.07018,0.210526,0
1689,4.6274,345,0.945205,114,3.02632,0.210526,0
1690,4.63014,420,1.15068,114,3.68421,0.210526,0
1691,4.63288,355,0.972603,114,3.11404,0.210526,0
1692,4.63562,370,1.0137,114,3.24561,0.210526,0
1693,4.63836,385,1.05479,114,3.37719,0.210526,0
1694,4.6411,365,1,114,3.20175,0.210526,0
1695,4.64384,385,1.05479,114,3.37719,0.210526,0
1696,4.64658,415,1.13699,114,3.64035,0.210526,0
1697,4.64932,350,0.958904,114,3.07018,0.210526,0
1698,4.65205,410,1.12329,114,3.59649,0.210526,0
1699,4.65479,330,0.90411,114,2.89474,0.210526,0
1700,4.65753,390,1.06849,114,3.42105,0.210526,0
1701,4.66027,320,0.876712,114,2.80702,0.210526,0
1702,4.66301,430,1.17808,114,3.77193,0.210526,0
1703,4.66575,360,0.986301,114,3.15789,0.210526,0
1704,4.66849,375,1.0274,114,3.28947,0.210526,0
1705,4.67123,345,0.945205,114,3.02632,0.210526,0
1706,4.67397,400,1.09589,114,3.50877,0.210526,0
1707,4.67671,320,0.876712,114,2.80702,0.210526,0
1708,4.67945,390,1.06849,114,3.42105,0.210526,0
1709,4.68219,405,1.10959,114,3.55263,0.210526,0
1710,4.68493,345,0.945205,114,3.02632,0.210526,0
1711,4.68767,430,1.17808,114,3.77193,0.210526,0
1712,4.69041,355,0.972603,114,3.11404,0.210526,0
1713,4.69315,375,1.0274,114,3.28947,0.210526,0
1714,4.69589,385,1.05479,114,3.37719,0.210526,0
1715,4.69863,355,0.972603,114,3.11404,0.210526,0
1716,4.70137,395,1.08219,114,3.46491,0.210526,0
1717,4.70411,405,1.10959,114,3.55263,0.210526,0
1718,4.70685,390,1.06849,114,3.42105,0.210526,0
1719,4.70959,370,1.0137,114,3.24561,0.210526,0
1720,4.71233,390,1.06849,114,3.42105,0.210526,0
1721,4.71507,385,1.05479,114,3.37719,0.210526,0
1722,4.71781,395,1.08219,114,3.46491,0.210526,0
1723,4.72055,360,0.986301,114,3.15789,0.210526,0
1724,4.72329,375,1.0274,114,3.28947,0.210526,0
1725,4.72603,380,1.0411,114,3.33333,0.210526,0
1726,4.72877,365,1,114,3.20175,0.210526,0
1727,4.73151,375,1.0274,114,3.28947,0.210526,0
1728,4.73425,375,1.0274,114,3.28947,0.210526,0
1729,4.73699,380,1.0411,114,3.33333,0.210526,0
1730,4.73973,390,1.06849,114,3.42105,0.210526,0
1731,4.74247,410,1.12329,114,3.59649,0.210526,0
1732,4.74521,380,1.0411,114,3.33333,0.210526,0
1733,4.74795,405,1.10959,114,3.55263,0.210526,0
1734,4.75068,330,0.90411,114,2.89474,0.210526,0
1735,4.75342,425,1.16438,114,3.72807,0.210526,0
1736,4.75616,310,0.849315,114,2.7193,0.210526,0
1737,4.7589,430,1.17808,114,3.77193,0.210526,0
1738,4.76164,385,1.05479,114,3.37719,0.210526,0
1739,4.76438,385,1.05479,114,3.37719,0.210526,0
1740,4.76712,390,1.06849,114,3.42105,0.210526,0
1741,4.76986,370,1.0137,114,3.24561,0.210526,0
1742,4.7726,355,0.972603,114,3.11404,0.210526,0
1743,4.77534,410,1.12329,114,3.59649,0.210526,0
1744,4.77808,360,0.986301,114,3.15789,0.210526,0
1745,4.78082,415,1.13699,114,3.64035,0.210526,0
1746,4.78356,350,0.958904,114,3.07018,0.210526,0
1747,4.7863,375,1.0274,114,3.28947,0.210526,0
1748,4.78904,395,1.08219,114,3.46491,0.210526,0
1749,4.79178,380,1.0411,114,3.33333,0.210526,0
1750,4.79452,410,1.12329,114,3.59649,0.210526,0
1751,4.79726,320,0.876712,114,2.80702,0.210526,0
1752,4.8,400,1.09589,114,3.50877,0.210526,0
1753,4.80274,395,1.08219,114,3.46491,0.210526,0
1754,4.80548,365,1,114,3.20175,0.210526,0
1755,4.80822,395,1.08219,114,3.46491,0.210526,0
1756,4.81096,350,0.958904,114,3.07018,0.210526,0
1757,4.8137,405,1.10959,114,3.55263,0.210526,0
1758,4.81644,340,0.931507,114,2.98246,0.210526,0
1759,4.81918,405,1.10959,114,3.55263,0.210526,0
1760,4.82192,320,0.876712,114,2.80702,0.210526,0
1761,4.82466,395,1.08219,115,3.43478,0.217391,0
1762,4.8274,375,1.0274,115,3.26087,0.217391,0
1763,4.83014,405,1.10959,116,3.49138,0.224138,0
1764,4.83288,400,1.09589,116,3.44828,0.224138,0
1765,4.83562,405,1.10959,116,3.49138,0.224138,0
1766,4.83836,390,1.06849,116,3.36207,0.224138,0
1767,4.8411,395,1.08219,116,3.40517,0.224138,0
1768,4.84384,410,1.12329,116,3.53448,0.224138,0
1769,4.84658,375,1.0274,116,3.23276,0.224138,0
1770,4.84932,385,1.05479,116,3.31897,0.224138,0
1771,4.85205,350,0.958904,116,3.01724,0.224138,0
1772,4.85479,420,1.15068,116,3.62069,0.224138,0
1773,4.85753,390,1.06849,116,3.36207,0.224138,0
1774,4.86027,395,1.08219,116,3.40517,0.224138,0
1775,4.86301,385,1.05479,116,3.31897,0.224138,0
1776,4.86575,400,1.09589,117,3.4188,0.230769,0
1777,4.86849,370,1.0137,117,3.16239,0.230769,0
1778,4.87123,405,1.10959,117,3.46154,0.230769,0
1779,4.87397,355,0.972603,117,3.03419,0.230769,0
1780,4.87671,390,1.06849,117,3.33333,0.230769,0
1781,4.87945,385,1.05479,117,3.2906,0.230769,0
1782,4.88219,365,1,117,3.11966,0.230769,0
1783,4.88493,395,1.08219,117,3.37607,0.230769,0
1784,4.88767,420,1.15068,117,3.58974,0.230769,0
1785,4.89041,350,0.958904,117,2.99145,0.230769,0
1786,4.89315,400,1.09589,117,3.4188,0.230769,0
1787,4.89589,405,1.10959,117,3.46154,0.230769,0
1788,4.89863,400,1.09589,117,3.4188,0.230769,0
1789,4.90137,415,1.13699,117,3.54701,0.230769,0
1790,4.90411,345,0.945205,117,2.94872,0.230769,0
1791,4.90685,450,1.23288,117,3.84615,0.230769,0
1792,4.90959,335,0.917808,117,2.86325,0.230769,0
1793,4.91233,435,1.19178,117,3.71795,0.230769,0
1794,4.91507,325,0.890411,117,2.77778,0.230769,0
1795,4.91781,420,1.15068,117,3.58974,0.230769,0
1796,4.92055,395,1.08219,117,3.37607,0.230769,0
1797,4.92329,405,1.10959,117,3.46154,0.230769,0
1798,4.92603,355,0.972603,117,3.03419,0.230769,0
1799,4.92877,405,1.10959,117,3.46154,0.230769,0
1800,4.93151,365,1,117,3.11966,0.230769,0
1801,4.93425,430,1.17808,117,3.67521,0.230769,0
1802,4.93699,360,0.986301,117,3.07692,0.230769,0
1803,4.93973,420,1.15068,117,3.58974,0.230769,0
1804,4.94247,355,0.972603,117,3.03419,0.230769,0
1805,4.94521,425,1.16438,117,3.63248,0.230769,0
1806,4.94795,385,1.05479,117,3.2906,0.230769,0
1807,4.95068,390,1.06849,117,3.33333,0.230769,0
1808,4.95342,425,1.16438,117,3.63248,0.230769,0
1809,4.95616,330,0.90411,117,2.82051,0.230769,0
1810,4.9589,430,1.17808,117,3.67521,0.230769,0
1811,4.96164,365,1,117,3.11966,0.230769,0
1812,4.96438,430,1.17808,117,3.67521,0.230769,0
1813,4.96712,415,1.13699,117,3.54701,0.230769,0
1814,4.96986,350,0.958904,117,2.99145,0.230769,0
1815,4.9726,435,1.19178,117,3.71795,0.230769,0
1816,4.97534,390,1.06849,117,3.33333,0.230769,0
1817,4.97808,410,1.12329,117,3.50427,0.230769,0
1818,4.98082,365,1,117,3.11966,0.230769,0
1819,4.98356,410,1.12329,117,3.50427,0.230769,0
1820,4.9863,390,1.06849,117,3.33333,0.230769,0
1821,4.98904,385,1.05479,117,3.2906,0.230769,0
1822,4.99178,375,1.0274,117,3.20513,0.230769,0
1823,4.99452,405,1.10959,117,3.46154,0.230769,0
1824,4.99726,355,0.972603,117,3.03419,0.230769,0
1825,5,410,1.12329,117,3.50427,0.230769,0
1826,5.00274,370,1.0137,117,3.16239,0.230769,0
1827,5.00548,365,1,117,3.11966,0.230769,0
1828,5.00822,370,1.0137,117,3.16239,0.230769,0
1829,5.01096,395,1.08219,117,3.37607,0.230769,0
1830,5.0137,365,1,117,3.11966,0.230769,0
1831,5.01644,385,1.05479,117,3.2906,0.230769,0
1832,5.01918,380,1.0411,117,3.24786,0.230769,0
1833,5.02192,395,1.08219,117,3.37607,0.230769,0
1834,5.02466,385,1.05479,117,3.2906,0.230769,0
1835,5.0274,375,1.0274,117,3.20513,0.230769,0
1836,5.03014,425,1.16438,117,3.63248,0.230769,0
1837,5.03288,390,1.06849,117,3.33333,0.230769,0
1838,5.03562,415,1.13699,117,3.54701,0.230769,0
1839,5.03836,415,1.13699,117,3.54701,0.230769,0
1840,5.0411,380,1.0411,117,3.24786,0.230769,0
1841,5.04384,370,1.0137,117,3.16239,0.230769,0
1842,5.04658,410,1.12329,117,3.50427,0.230769,0
1843,5.04932,385,1.05479,117,3.2906,0.230769,0
1844,5.05205,390,1.06849,117,3.33333,0.230769,0
1845,5.05479,395,1.08219,117,3.37607,0.230769,0
1846,5.05753,405,1.10959,117,3.46154,0.230769,0
1847,5.06027,380,1.0411,117,3.24786,0.230769,0
1848,5.06301,415,1.13699,117,3.54701,0.230769,0
1849,5.06575,390,1.06849,117,3.33333,0.230769,0
1850,5.06849,375,1.0274,117,3.20513,0.230769,0
1851,5.07123,370,1.0137,117,3.16239,0.230769,0
1852,5.07397,385,1.05479,117,3.2906,0.230769,0
1853,5.07671,395,1.08219,117,3.37607,0.230769,0
1854,5.07945,375,1.0274,117,3.20513,0.230769,0
1855,5.08219,400,1.09589,117,3.4188,0.230769,0
1856,5.08493,350,0.958904,117,2.99145,0.230769,0
1857,5.08767,405,1.10959,117,3.46154,0.230769,0
1858,5.09041,380,1.0411,117,3.24786,0.230769,0
1859,5.09315,355,0.972603,117,3.03419,0.230769,0
1860,5.09589,415,1.13699,117,3.54701,0.230769,0
1861,5.09863,420,1.15068,117,3.58974,0.230769,0
1862,5.10137,390,1.06849,117,3.33333,0.230769,0
1863,5.10411,405,1.10959,117,3.46154,0.230769,0
1864,5.10685,415,1.13699,117,3.54701,0.230769,0
1865,5.10959,365,1,117,3.11966,0.230769,0
1866,5.11233,410,1.12329,117,3.50427,0.230769,0
1867,5.11507,410,1.12329,117,3.50427,0.230769,0
1868,5.11781,360,0.986301,117,3.07692,0.230769,0
1869,5.12055,395,1.08219,117,3.37607,0.230769,0
1870,5.12329,380,1.0411,117,3.24786,0.230769,0
1871,5.12603,390,1.06849,117,3.33333,0.230769,0
1872,5.12877,365,1,117,3.11966,0.230769,0
1873,5.13151,430,1.17808,117,3.67521,0.230769,0
1874,5.13425,330,0.90411,117,2.82051,0.230769,0
1875,5.13699,425,1.16438,117,3.63248,0.230769,0
1876,5.13973,355,0.972603,117,3.03419,0.230769,0
1877,5.14247,405,1.10959,117,3.46154,0.230769,0
1878,5.14521,445,1.21918,117,3.80342,0.230769,0
1879,5.14795,360,0.986301,117,3.07692,0.230769,0
1880,5.15068,440,1.20548,117,3.76068,0.230769,0
1881,5.15342,385,1.05479,117,3.2906,0.230769,0
1882,5.15616,405,1.10959,117,3.46154,0.230769,0
1883,5.1589,405,1.10959,117,3.46154,0.230769,0
1884,5.16164,395,1.08219,117,3.37607,0.230769,0
1885,5.16438,380,1.0411,117,3.24786,0.230769,0
1886,5.16712,385,1.05479,117,3.2906,0.230769,0
1887,5.16986,410,1.12329,117,3.50427,0.230769,0
1888,5.1726,415,1.13699,117,3.54701,0.230769,0
1889,5.17534,365,1,117,3.11966,0.230769,0
1890,5.17808,405,1.10959,117,3.46154,0.230769,0
1891,5.18082,365,1,117,3.11966,0.230769,0
1892,5.18356,400,1.09589,117,3.4188,0.230769,0
1893,5.1863,415,1.13699,117,3.54701,0.230769,0
1894,5.18904,365,1,117,3.11966,0.230769,0
1895,5.19178,380,1.0411,117,3.24786,0.230769,0
1896,5.19452,370,1.0137,117,3.16239,0.230769,0
1897,5.19726,390,1.06849,117,3.33333,0.230769,0
1898,5.2,410,1.12329,117,3.50427,0.230769,0
1899,5.20274,330,0.90411,117,2.82051,0.230769,0
1900,5.20548,425,1.16438,117,3.63248,0.230769,0
1901,5.20822,385,1.05479,117,3.2906,0.230769,0
1902,5.21096,410,1.12329,117,3.50427,0.230769,0
1903,5.2137,375,1.0274,117,3.20513,0.230769,0
1904,5.21644,400,1.09589,117,3.4188,0.230769,0
1905,5.21918,415,1.13699,117,3.54701,0.230769,0
1906,5.22192,410,1.12329,117,3.50427,0.230769,0
1907,5.22466,385,1.05479,117,3.2906,0.230769,0
1908,5.2274,395,1.08219,117,3.37607,0.230769,0
1909,5.23014,340,0.931507,117,2.90598,0.230769,0
1910,5.23288,405,1.10959,117,3.46154,0.230769,0
1911,5.23562,405,1.10959,117,3.46154,0.230769,0
1912,5.23836,340,0.931507,117,2.90598,0.230769,0
1913,5.2411,410,1.12329,117,3.50427,0.230769,0
1914,5.24384,395,1.08219,117,3.37607,0.230769,0
1915,5.24658,390,1.06849,117,3.33333,0.230769,0
1916,5.24932,370,1.0137,117,3.16239,0.230769,0
1917,5.25205,430,1.17808,117,3.67521,0.230769,0
1918,5.25479,355,0.972603,117,3.03419,0.230769,0
1919,5.25753,420,1.15068,118,3.55932,0.237288,0
1920,5.26027,370,1.0137,118,3.13559,0.237288,0
1921,5.26301,405,1.10959,118,3.4322,0.237288,0
1922,5.26575,345,0.945205,118,2.92373,0.237288,0
1923,5.26849,415,1.13699,118,3.51695,0.237288,0
1924,5.27123,340,0.931507,118,2.88136,0.237288,0
1925,5.27397,420,1.15068,118,3.55932,0.237288,0
1926,5.27671,385,1.05479,118,3.26271,0.237288,0
1927,5.27945,425,1.16438,118,3.60169,0.237288,0
1928,5.28219,410,1.12329,118,3.47458,0.237288,0
1929,5.28493,370,1.0137,118,3.13559,0.237288,0
1930,5.28767,420,1.15068,118,3.55932,0.237288,0
1931,5.29041,390,1.06849,118,3.30508,0.237288,0
1932,5.29315,420,1.15068,118,3.55932,0.237288,0
1933,5.29589,390,1.06849,118,3.30508,0.237288,0
1934,5.29863,415,1.13699,118,3.51695,0.237288,0
1935,5.30137,415,1.13699,118,3.51695,0.237288,0
1936,5.30411,365,1,118,3.09322,0.237288,0
1937,5.30685,440,1.20548,118,3.72881,0.237288,0
1938,5.30959,400,1.09589,118,3.38983,0.237288,0
1939,5.31233,405,1.10959,118,3.4322,0.237288,0
1940,5.31507,390,1.06849,118,3.30508,0.237288,0
1941,5.31781,390,1.06849,118,3.30508,0.237288,0
1942,5.32055,395,1.08219,118,3.34746,0.237288,0
1943,5.32329,425,1.16438,118,3.60169,0.237288,0
1944,5.32603,405,1.10959,118,3.4322,0.237288,0
1945,5.32877,400,1.09589,118,3.38983,0.237288,0
1946,5.33151,405,1.10959,118,3.4322,0.237288,0
1947,5.33425,380,1.0411,118,3.22034,0.237288,0
1948,5.33699,385,1.05479,118,3.26271,0.237288,0
1949,5.33973,385,1.05479,118,3.26271,0.237288,0
1950,5.34247,365,1,118,3.09322,0.237288,0
1951,5.34521,375,1.0274,118,3.17797,0.237288,0
1952,5.34795,400,1.09589,118,3.38983,0.237288,0
1953,5.35068,375,1.0274,118,3.17797,0.237288,0
1954,5.35342,425,1.16438,118,3.60169,0.237288,0
1955,5.35616,375,1.0274,118,3.17797,0.237288,0
1956,5.3589,400,1.09589,118,3.38983,0.237288,0
1957,5.36164,430,1.17808,118,3.64407,0.237288,0
1958,5.36438,380,1.0411,118,3.22034,0.237288,0
1959,5.36712,380,1.0411,118,3.22034,0.237288,0
1960,5.36986,405,1.10959,118,3.4322,0.237288,0
1961,5.3726,425,1.16438,118,3.60169,0.237288,0
1962,5.37534,340,0.931507,118,2.88136,0.237288,0
1963,5.37808,420,1.15068,118,3.55932,0.237288,0
1964,5.38082,365,1,118,3.09322,0.237288,0
1965,5.38356,425,1.16438,118,3.60169,0.237288,0
1966,5.3863,395,1.08219,118,3.34746,0.237288,0
1967,5.38904,375,1.0274,118,3.17797,0.237288,0
1968,5.39178,395,1.08219,118,3.34746,0.237288,0
1969,5.39452,380,1.0411,118,3.22034,0.237288,0
1970,5.39726,390,1.06849,118,3.30508,0.237288,0
1971,5.4,410,1.12329,118,3.47458,0.237288,0
1972,5.40274,375,1.0274,118,3.17797,0.237288,0
1973,5.40548,410,1.12329,118,3.47458,0.237288,0
1974,5.40822,425,1.16438,118,3.60169,0.237288,0
1975,5.41096,385,1.05479,118,3.26271,0.237288,0
1976,5.4137,395,1.08219,118,3.34746,0.237288,0
1977,5.41644,415,1.13699,118,3.51695,0.237288,0
1978,5.41918,405,1.10959,118,3.4322,0.237288,0
1979,5.42192,400,1.09589,118,3.38983,0.237288,0
1980,5.42466,380,1.0411,118,3.22034,0.237288,0
1981,5.4274,395,1.08219,119,3.31933,0.243697,0
1982,5.43014,395,1.08219,119,3.31933,0.243697,0
1983,5.43288,410,1.12329,119,3.44538,0.243697,0
1984,5.43562,370,1.0137,119,3.10924,0.243697,0
1985,5.43836,435,1.19178,119,3.65546,0.243697,0
1986,5.4411,330,0.90411,119,2.77311,0.243697,0
1987,5.44384,425,1.16438,119,3.57143,0.243697,0
1988,5.44658,380,1.0411,119,3.19328,0.243697,0
1989,5.44932,390,1.06849,119,3.27731,0.243697,0
1990,5.45205,385,1.05479,119,3.23529,0.243697,0
1991,5.45479,405,1.10959,119,3.40336,0.243697,0
1992,5.45753,430,1.17808,119,3.61345,0.243697,0
1993,5.46027,420,1.15068,119,3.52941,0.243697,0
1994,5.46301,335,0.917808,119,2.81513,0.243697,0
1995,5.46575,425,1.16438,119,3.57143,0.243697,0
1996,5.46849,400,1.09589,119,3.36134,0.243697,0
1997,5.47123,395,1.08219,119,3.31933,0.243697,0
1998,5.47397,415,1.13699,119,3.48739,0.243697,0
1999,5.47671,430,1.17808,119,3.61345,0.243697,0
2000,5.47945,410,1.12329,119,3.44538,0.243697,0
